capturado_utc,modo,evento,etapas_ok,etapas_fallo,duracion_s
2026-10-08 15:34 UTC,diario,local,"precios,fedwatch,tipos,ciclo,publicados",,140.1
2026-10-08 15:42 UTC,diario,local,"resumen,regimen,alertas",,604.1
2026-10-08 15:53 UTC,diario,local,"ciclo,alertas",,8.1
2026-10-08 15:54 UTC,diario,workflow_dispatch,"precios,fedwatch,tipos,calendario,liquidez,ciclo,publicados,resumen,regimen,alertas",,565.4
2026-10-08 17:53 UTC,diario,local,"ciclo,publicados,alertas",,10.5
2026-10-08 17:54 UTC,diario,local,"resumen,regimen",,606.4
2026-10-08 18:06 UTC,diario,workflow_dispatch,"precios,fedwatch,tipos,calendario,liquidez,ciclo,publicados,resumen,regimen,alertas",,549.9
2026-10-08 20:40 UTC,horario,schedule,"precios,fedwatch,tipos,alertas",,89.4
2026-10-09 01:10 UTC,horario,schedule,"precios,fedwatch,tipos,alertas",,90.8
2026-10-09 11:59 UTC,diario,schedule,"precios,fedwatch,tipos,calendario,liquidez,ciclo,publicados,resumen,regimen,alertas",,580.5
2026-10-09 13:07 UTC,horario,schedule,"precios,fedwatch,tipos,alertas",,91.4
2026-10-09 17:52 UTC,diario,workflow_dispatch,"precios,fedwatch,tipos,calendario,liquidez,monitores,series,ciclo,publicados,resumen,regimen,alertas",,477.5
2026-10-09 18:02 UTC,diario,workflow_dispatch,"precios,fedwatch,tipos,calendario,liquidez,monitores,series,ciclo,publicados,resumen,regimen,alertas",,501.5
2026-10-09 18:41 UTC,diario,local,"fedwatch,divisas,cot,noticias",,28.7
2026-10-09 18:45 UTC,diario,workflow_dispatch,"precios,fedwatch,tipos,calendario,liquidez,monitores,series,ciclo,publicados,resumen,regimen,divisas,cot,noticias,alertas",,543.6
2026-10-09 22:30 UTC,horario,schedule,"precios,fedwatch,tipos,noticias,alertas",,102.8
2026-10-10 08:00 UTC,diario,local,"skew,semis,gamma,contexto",,50.5
2026-10-10 08:05 UTC,diario,local,contexto,gamma,0.1
2026-10-10 08:06 UTC,diario,local,contexto,gamma,0.1
2026-10-10 08:08 UTC,cierre,workflow_dispatch,"precios,skew,semis,gamma,alertas,contexto",,34.7
2026-10-10 11:15 UTC,diario,schedule,"precios,fedwatch,tipos,calendario,liquidez,monitores,series,ciclo,publicados,resumen,tesis,regimen,divisas,cot,noticias,skew,semis,gamma,alertas,contexto",,542.5
2026-10-10 14:06 UTC,todo,schedule,"precios,fedwatch,tipos,calendario,liquidez,monitores,series,ciclo,publicados,resumen,tesis,regimen,divisas,cot,noticias,skew,semis,gamma,alertas,contexto",,532.5
2026-10-10 16:57 UTC,diario,workflow_dispatch,"precios,fedwatch,tipos,calendario,liquidez,monitores,series,ciclo,publicados,resumen,tesis,regimen,divisas,cot,noticias,bancos,tono,skew,semis,gamma,alertas,contexto",,571.2
