fecha,hora_madrid,evento,importancia,fuente,visto_utc
2026-09-01,16:00,ISM manufacturero,ALTA,ISM (Institute for Supply Management),2026-10-08 15:54 UTC
2026-09-01,16:00,Vacantes JOLTS,MEDIA,FRED Release Calendar · Job Openings and Labor Turnover Survey,2026-10-08 15:54 UTC
2026-09-03,14:30,Peticiones de paro semanales,MEDIA,FRED Release Calendar · Unemployment Insurance Weekly Claims Report,2026-10-08 15:54 UTC
2026-09-03,16:00,ISM servicios,MEDIA,ISM (Institute for Supply Management),2026-10-08 15:54 UTC
2026-09-03,22:30,"Balance de la Fed H.4.1 (reservas, TGA, RRP)",MEDIA,FRED Release Calendar · H.4.1 Factors Affecting Reserve Balances,2026-10-08 15:54 UTC
2026-09-04,14:30,"Empleo EE. UU. (NFP, paro, salarios)",ALTA,FRED Release Calendar · Employment Situation,2026-10-08 15:54 UTC
2026-09-04,22:15,Crédito bancario H.8,BAJA,FRED Release Calendar · H.8 Assets and Liabilities of Commercial Banks in the United States,2026-10-08 15:54 UTC
2026-09-10,14:30,Precios de producción (PPI),MEDIA,FRED Release Calendar · Producer Price Index,2026-10-08 15:54 UTC
2026-09-10,14:30,Peticiones de paro semanales,MEDIA,FRED Release Calendar · Unemployment Insurance Weekly Claims Report,2026-10-08 15:54 UTC
2026-09-10,22:30,"Balance de la Fed H.4.1 (reservas, TGA, RRP)",MEDIA,FRED Release Calendar · H.4.1 Factors Affecting Reserve Balances,2026-10-08 15:54 UTC
2026-09-11,14:30,IPC EE. UU. (CPI),ALTA,FRED Release Calendar · Consumer Price Index,2026-10-08 15:54 UTC
2026-09-11,22:15,Crédito bancario H.8,BAJA,FRED Release Calendar · H.8 Assets and Liabilities of Commercial Banks in the United States,2026-10-08 15:54 UTC
2026-09-16,14:30,Ventas minoristas,MEDIA,FRED Release Calendar · Advance Monthly Sales for Retail and Food Services,2026-10-08 15:54 UTC
2026-09-16,20:00,Decisión FOMC (Fed) + proyecciones (SEP),ALTA,Federal Reserve,2026-10-08 15:54 UTC
2026-09-17,14:30,Peticiones de paro semanales,MEDIA,FRED Release Calendar · Unemployment Insurance Weekly Claims Report,2026-10-08 15:54 UTC
2026-09-17,14:30,Encuesta manufacturera Fed Filadelfia,MEDIA,FRED Release Calendar · Manufacturing Business Outlook Survey,2026-10-08 15:54 UTC
2026-09-17,22:30,"Balance de la Fed H.4.1 (reservas, TGA, RRP)",MEDIA,FRED Release Calendar · H.4.1 Factors Affecting Reserve Balances,2026-10-08 15:54 UTC
2026-09-18,18:15,Producción industrial,BAJA,FRED Release Calendar · G.17 Industrial Production and Capacity Utilization,2026-10-08 15:54 UTC
2026-09-18,22:15,Crédito bancario H.8,BAJA,FRED Release Calendar · H.8 Assets and Liabilities of Commercial Banks in the United States,2026-10-08 15:54 UTC
2026-09-18,,Decisión de política monetaria del Banco de Japón (día 2),MEDIA,Bank of Japan,2026-10-08 15:54 UTC
2026-09-22,19:00,Oferta monetaria M2 (H.6),BAJA,FRED Release Calendar · H.6 Money Stock Measures,2026-10-08 15:54 UTC
2026-09-24,14:30,Peticiones de paro semanales,MEDIA,FRED Release Calendar · Unemployment Insurance Weekly Claims Report,2026-10-08 15:54 UTC
2026-09-24,22:30,"Balance de la Fed H.4.1 (reservas, TGA, RRP)",MEDIA,FRED Release Calendar · H.4.1 Factors Affecting Reserve Balances,2026-10-08 15:54 UTC
2026-09-25,17:00,Confianza U. Michigan (expectativas de inflación),MEDIA,FRED Release Calendar · Surveys of Consumers,2026-10-08 15:54 UTC
2026-09-25,22:15,Crédito bancario H.8,BAJA,FRED Release Calendar · H.8 Assets and Liabilities of Commercial Banks in the United States,2026-10-08 15:54 UTC
2026-09-28,16:00,Ventas minoristas,MEDIA,FRED Release Calendar · Advance Monthly Sales for Retail and Food Services,2026-10-08 15:54 UTC
2026-09-29,16:00,Vacantes JOLTS,MEDIA,FRED Release Calendar · Job Openings and Labor Turnover Survey,2026-10-08 15:54 UTC
2026-09-30,14:30,Renta y gasto personal (PCE),ALTA,FRED Release Calendar · Personal Income and Outlays,2026-10-08 15:54 UTC
2026-09-30,14:30,PIB EE. UU.,MEDIA,FRED Release Calendar · Gross Domestic Product,2026-10-08 15:54 UTC
2026-10-01,14:30,Peticiones de paro semanales,MEDIA,FRED Release Calendar · Unemployment Insurance Weekly Claims Report,2026-10-08 15:54 UTC
2026-10-01,16:00,ISM manufacturero,ALTA,ISM (Institute for Supply Management),2026-10-08 15:54 UTC
2026-10-01,22:30,"Balance de la Fed H.4.1 (reservas, TGA, RRP)",MEDIA,FRED Release Calendar · H.4.1 Factors Affecting Reserve Balances,2026-10-08 15:54 UTC
2026-10-02,14:30,"Empleo EE. UU. (NFP, paro, salarios)",ALTA,FRED Release Calendar · Employment Situation,2026-10-08 15:54 UTC
2026-10-02,22:15,Crédito bancario H.8,BAJA,FRED Release Calendar · H.8 Assets and Liabilities of Commercial Banks in the United States,2026-10-08 15:54 UTC
2026-10-05,16:00,ISM servicios,MEDIA,ISM (Institute for Supply Management),2026-10-08 15:54 UTC
2026-10-08,14:30,Peticiones de paro semanales,MEDIA,FRED Release Calendar · Unemployment Insurance Weekly Claims Report,2026-10-08 15:54 UTC
2026-10-08,19:00,Subasta del Tesoro Bond 29-Year 10-Month (22 MM$),MEDIA,TreasuryDirect (U.S. Treasury),2026-10-08 15:54 UTC
2026-10-08,22:30,"Balance de la Fed H.4.1 (reservas, TGA, RRP)",MEDIA,FRED Release Calendar · H.4.1 Factors Affecting Reserve Balances,2026-10-08 15:54 UTC
2026-10-09,22:15,Crédito bancario H.8,BAJA,FRED Release Calendar · H.8 Assets and Liabilities of Commercial Banks in the United States,2026-10-08 15:54 UTC
2026-10-13,,Resultados JPMorgan Chase (JPM),MEDIA,Nasdaq / Zacks,2026-10-08 15:54 UTC
2026-10-13,,Resultados Goldman Sachs (GS),MEDIA,Nasdaq / Zacks,2026-10-08 15:54 UTC
2026-10-14,14:30,IPC EE. UU. (CPI),ALTA,FRED Release Calendar · Consumer Price Index,2026-10-08 15:54 UTC
2026-10-15,14:30,Ventas minoristas,MEDIA,FRED Release Calendar · Advance Monthly Sales for Retail and Food Services,2026-10-08 15:54 UTC
2026-10-15,14:30,Precios de producción (PPI),MEDIA,FRED Release Calendar · Producer Price Index,2026-10-08 15:54 UTC
2026-10-15,14:30,Peticiones de paro semanales,MEDIA,FRED Release Calendar · Unemployment Insurance Weekly Claims Report,2026-10-08 15:54 UTC
2026-10-15,14:30,Encuesta manufacturera Fed Filadelfia,MEDIA,FRED Release Calendar · Manufacturing Business Outlook Survey,2026-10-08 15:54 UTC
2026-10-15,22:30,"Balance de la Fed H.4.1 (reservas, TGA, RRP)",MEDIA,FRED Release Calendar · H.4.1 Factors Affecting Reserve Balances,2026-10-08 15:54 UTC
2026-10-16,18:15,Producción industrial,BAJA,FRED Release Calendar · G.17 Industrial Production and Capacity Utilization,2026-10-08 15:54 UTC
2026-10-16,22:15,Crédito bancario H.8,BAJA,FRED Release Calendar · H.8 Assets and Liabilities of Commercial Banks in the United States,2026-10-08 15:54 UTC
2026-10-20,,Resultados Netflix (NFLX),MEDIA,Nasdaq / Zacks,2026-10-08 15:54 UTC
2026-10-21,,Resultados Tesla (TSLA),ALTA,Nasdaq / Zacks,2026-10-08 15:54 UTC
2026-10-22,14:30,Peticiones de paro semanales,MEDIA,FRED Release Calendar · Unemployment Insurance Weekly Claims Report,2026-10-08 15:54 UTC
2026-10-22,22:30,"Balance de la Fed H.4.1 (reservas, TGA, RRP)",MEDIA,FRED Release Calendar · H.4.1 Factors Affecting Reserve Balances,2026-10-08 15:54 UTC
2026-10-23,17:00,Confianza U. Michigan (expectativas de inflación),MEDIA,FRED Release Calendar · Surveys of Consumers,2026-10-08 15:54 UTC
2026-10-23,22:15,Crédito bancario H.8,BAJA,FRED Release Calendar · H.8 Assets and Liabilities of Commercial Banks in the United States,2026-10-08 15:54 UTC
2026-10-27,18:00,Oferta monetaria M2 (H.6),BAJA,FRED Release Calendar · H.6 Money Stock Measures,2026-10-08 15:54 UTC
2026-10-28,19:00,Decisión FOMC (Fed),ALTA,Federal Reserve,2026-10-08 15:54 UTC
2026-10-28,,Resultados Alphabet (GOOGL),ALTA,Nasdaq / Zacks,2026-10-08 15:54 UTC
2026-10-29,13:30,Renta y gasto personal (PCE),ALTA,FRED Release Calendar · Personal Income and Outlays,2026-10-08 15:54 UTC
2026-10-29,13:30,PIB EE. UU.,MEDIA,FRED Release Calendar · Gross Domestic Product,2026-10-08 15:54 UTC
2026-10-29,13:30,Peticiones de paro semanales,MEDIA,FRED Release Calendar · Unemployment Insurance Weekly Claims Report,2026-10-08 15:54 UTC
2026-10-29,21:30,"Balance de la Fed H.4.1 (reservas, TGA, RRP)",MEDIA,FRED Release Calendar · H.4.1 Factors Affecting Reserve Balances,2026-10-08 15:54 UTC
2026-10-29,,Resultados Apple (AAPL),ALTA,Nasdaq / Zacks,2026-10-08 15:54 UTC
2026-10-29,,Resultados Amazon (AMZN),ALTA,Nasdaq / Zacks,2026-10-08 15:54 UTC
2026-10-29,,Decisión de política monetaria del BCE,MEDIA,Banco Central Europeo,2026-10-08 15:54 UTC
2026-10-29,,Resultados Eli Lilly (LLY),MEDIA,Nasdaq / Zacks,2026-10-08 15:54 UTC
2026-10-28,,Resultados Microsoft (MSFT),ALTA,Nasdaq / Zacks,2026-10-09 11:59 UTC
2026-10-30,21:15,Crédito bancario H.8,BAJA,FRED Release Calendar · H.8 Assets and Liabilities of Commercial Banks in the United States,2026-10-09 11:59 UTC
2026-10-30,,Decisión de política monetaria del Banco de Japón (día 2),MEDIA,Bank of Japan,2026-10-09 11:59 UTC
