enlace,fecha_utc,banco,tipo,orador,titulo,visto_utc
https://www.federalreserve.gov/newsevents/pressreleases/other20261009a.htm,2026-10-09 14:00,Fed,Comunicado,,"Federal Reserve Board releases results of the 2025 Survey of Consumer Finances, which provides the public and policymakers with detailed insights into the economic condition of American families",2026-10-09 18:40
http://www.boj.or.jp/en/finsys/macpru/mac261009a.pdf,2026-10-09 09:00,BoJ,Novedad,,"Twenty-fifth Meeting of the ""Council for Cooperation on Financial Stability""",2026-10-09 18:40
https://www.bankofengland.co.uk/news/2026/october/cmorg-holds-sector-wide-cloud-outage-simulation-exercise,2026-10-09 09:00,BoE,Noticia,,CMORG holds sector-wide cloud outage simulation exercise,2026-10-09 18:40
http://www.boj.or.jp/en/mopo/mpmdeci/mpr_2026/mpr261009a.pdf,2026-10-09 07:00,BoJ,Novedad,,"Amendment to ""Prices of Eligible Collateral""",2026-10-09 18:40
http://www.boj.or.jp/en/research/imes/dps/dps26.htm,2026-10-09 02:00,BoJ,Novedad,,IMES Discussion Paper Series (2026),2026-10-09 18:40
https://www.federalreserve.gov/newsevents/pressreleases/enforcement20261008a.htm,2026-10-08 20:30,Fed,Comunicado,,"Federal Reserve Board announces enforcement action against American Express Company to address, among other things, the firm’s failure to sufficiently detect and report certain suspicious activity related to money laundering",2026-10-09 18:40
https://www.ecb.europa.eu/press/accounts/2026/html/ecb.mg261008~a10153d090.en.html,2026-10-08 11:30,BCE,Actas,,Meeting of 9-10 September 2026,2026-10-09 18:40
https://www.federalreserve.gov/newsevents/speech/waller20261008a.htm,2026-10-08 08:30,Fed,Discurso,Waller,The Signaling Value of the Summary of Economic Projections,2026-10-09 18:40
https://www.ecb.europa.eu/press/inter/date/2026/html/ecb.in261008~3184e7d0d0.en.html,2026-10-08 06:00,BCE,Entrevista,Piero Cipollone,Interview with Corriere della Sera,2026-10-09 18:40
http://www.boj.or.jp/en/research/brp/rer/rer261008.htm,2026-10-08 05:00,BoJ,Novedad,,Regional Economic Report (Summary) (Oct. 2026),2026-10-09 18:40
http://www.boj.or.jp/en/statistics/br/bop_06/bpdata/diiqcy.htm,2026-10-07 23:50,BoJ,Novedad,,Direct Investment by Region and Industry (2nd quarter 2026),2026-10-09 18:40
https://www.bankofengland.co.uk/news/2026/october/boe-announces-the-four-animals-that-will-feature-on-next-series-of-banknotes,2026-10-07 23:01,BoE,Noticia,,Bank of England announces the four animals that will feature on our next series of banknotes,2026-10-09 18:40
https://www.federalreserve.gov/newsevents/pressreleases/monetary20261007a.htm,2026-10-07 18:00,Fed,Comunicado,,"Minutes of the Federal Open Market Committee, September 15-16, 2026",2026-10-09 18:40
https://www.bankofengland.co.uk/minutes/2026/june/fxjsc-legal-sub-committee-meeting-16-june-26,2026-10-07 13:36,BoE,Noticia,,Minutes of the London FXJSC Legal Sub Committee Meeting – 16 June 2026,2026-10-09 18:40
https://www.bankofengland.co.uk/minutes/2026/june/fxjsc-operations-sub-committee-meeting-16-june-2026,2026-10-07 09:49,BoE,Noticia,,Minutes of the London FXJSC Operations Sub-Committee Meeting – 16 June 2026,2026-10-09 18:40
https://www.bankofengland.co.uk/minutes/2026/june/fxjsc-main-committee-meeting-24-june-2026,2026-10-07 09:08,BoE,Noticia,,Minutes of the London FXJSC Main Committee Meeting – 24 June 2026,2026-10-09 18:40
https://www.bankofengland.co.uk/news/2026/october/regulatory-thresholds-set-to-shift-to-automatic-increases,2026-10-07 09:00,BoE,Noticia,,Regulatory thresholds set to shift to automatic increases,2026-10-09 18:40
https://www.ecb.europa.eu/press/pr/date/2026/html/ecb.pr261007~6447350434.en.html,2026-10-07 08:00,BCE,Comunicado,,Results of the September 2026 survey on credit terms and conditions in euro-denominated securities financing and OTC derivatives markets (SESFOD),2026-10-09 18:40
http://www.boj.or.jp/en/statistics/market/short/call/call.xlsx,2026-10-07 06:00,BoJ,Novedad,,Amounts Outstanding in the Call Money Market (Sept.),2026-10-09 18:40
http://www.boj.or.jp/en/research/research_data/cai/index.htm,2026-10-07 05:00,BoJ,Novedad,,Consumption Activity Index,2026-10-09 18:40
http://www.boj.or.jp/en/statistics/boj/other/acmai/release/2026/ac260930.htm,2026-10-07 01:00,BoJ,Novedad,,Bank of Japan Accounts (September 30),2026-10-09 18:40
http://www.boj.or.jp/en/statistics/boj/other/mbt/mbt2609.pdf,2026-10-06 23:50,BoJ,Novedad,,Monetary Base and the Bank of Japan's Transactions (Sept.),2026-10-09 18:40
http://www.boj.or.jp/en/statistics/boj/other/tseifu/release/2026/seifu2609.pdf,2026-10-06 23:50,BoJ,Novedad,,Bank of Japan's Transactions with the Government (Sept.),2026-10-09 18:40
http://www.boj.or.jp/en/statistics/boj/fm/ope/m_release/2026/ope2609.xlsx,2026-10-06 23:50,BoJ,Novedad,,Market Operations by the Bank of Japan (Sept.),2026-10-09 18:40
https://www.federalreserve.gov/newsevents/speech/bowman20261006a.htm,2026-10-06 14:45,Fed,Discurso,Bowman,Modernizing the Regulatory and Supervisory Landscape,2026-10-09 18:40
https://www.bankofengland.co.uk/minutes/2026/september/uk-money-markets-committee-minutes-september-2026,2026-10-06 13:07,BoE,Noticia,,Minutes of the UK Money Markets Code Sub-Committee – September 2026,2026-10-09 18:40
https://www.ecb.europa.eu/press/key/date/2026/html/ecb.sp261006_1~0df91e4e44.en.html,2026-10-06 13:00,BCE,Discurso,Frank Elderson,Effective supervision through timely remediation,2026-10-09 18:40
https://www.ecb.europa.eu/press/key/date/2026/html/ecb.sp261006~0da978f159.en.html,2026-10-06 13:00,BCE,Discurso,Piero Cipollone,"Money in the digital age: digital euro, tokenisation and the role of central banks",2026-10-09 18:40
https://www.ecb.europa.eu/press/inter/date/2026/html/ecb.in261006~bc94400297.en.html,2026-10-06 07:00,BCE,Entrevista,Philip R. Lane,Interview with Ansa,2026-10-09 18:40
https://www.federalreserve.gov/newsevents/pressreleases/orders20261005a.htm,2026-10-05 20:30,Fed,Comunicado,,Federal Reserve Board announces approval of application by Isabella Bank Corporation,2026-10-09 18:40
https://www.ecb.europa.eu/press/key/date/2026/html/ecb.sp261005~1d8d998ef4.en.html,2026-10-05 08:00,BCE,Discurso,Philip R. Lane,Diagnostic Challenges for ECB Monetary Policy,2026-10-09 18:40
http://www.boj.or.jp/en/research/research_data/gap/index.htm,2026-10-05 05:00,BoJ,Novedad,,"Output Gap, Potential Growth Rate, and Labor Market Indicators",2026-10-09 18:40
http://www.boj.or.jp/en/research/conf/conf2610a.htm,2026-10-05 00:20,BoJ,Novedad,,"8th Conference on Nontraditional Data, Machine Learning, and Natural Language Processing in Macroeconomics (ECONDAT 2026 Fall Meeting)",2026-10-09 18:40
http://www.boj.or.jp/en/statistics/boj/fm/juqp/juqp2610.xlsx,2026-10-04 23:50,BoJ,Novedad,,Sources of Changes in Current Account Balances (Projections for Oct.),2026-10-09 18:40
https://www.federalreserve.gov/newsevents/pressreleases/orders20261002a.htm,2026-10-02 20:45,Fed,Comunicado,,Federal Reserve Board announces approval of application by Fleur Capital Corporation,2026-10-09 18:40
https://www.federalreserve.gov/newsevents/pressreleases/bcreg20261002a.htm,2026-10-02 20:00,Fed,Comunicado,,"Federal Reserve Board announces it will extend, until November 4, the comment period on its proposal to modernize Regulation O",2026-10-09 18:40
https://www.federalreserve.gov/newsevents/pressreleases/enforcement20261002a.htm,2026-10-02 15:00,Fed,Comunicado,,"Federal Reserve Board issues enforcement action with Ontario Bancorporation, Inc.",2026-10-09 18:40
https://www.ecb.europa.eu/press/govcdec/otherdec/2026/html/ecb.gc261002~54c6b5672b.en.html,2026-10-02 13:00,BCE,Comunicado,,Decisions taken by the Governing Council of the ECB (in addition to decisions setting interest rates),2026-10-09 18:40
https://www.ecb.europa.eu/press/key/date/2026/html/ecb.sp261002_1~419efe18e0.en.html,2026-10-02 11:30,BCE,Discurso,Boris Vujčić,"Resilience, integration and competitiveness: building the future of European banking",2026-10-09 18:40
http://www.boj.or.jp/en/statistics/boj/other/mei/release/2026/mei260930.xlsx,2026-10-02 08:00,BoJ,Novedad,,Japanese Government Bonds Held by the Bank of Japan,2026-10-09 18:40
http://www.boj.or.jp/en/statistics/boj/other/col/col2609.xlsx,2026-10-02 08:00,BoJ,Novedad,,Collateral Accepted by the Bank of Japan (End of Sept.),2026-10-09 18:40
https://www.bankofengland.co.uk/news/2026/october/appointment-of-members-of-the-edmc,2026-10-02 08:00,BoE,Noticia,,Appointment of members of the Enforcement Decision Making Committee (EDMC),2026-10-09 18:40
http://www.boj.or.jp/en/statistics/dl/loan/yaku/yaku2608.pdf,2026-10-01 23:50,BoJ,Novedad,,Average Contract Interest Rates on Loans and Discounts (Aug.),2026-10-09 18:40
http://www.boj.or.jp/en/statistics/boj/other/mb/mb.htm,2026-10-01 23:50,BoJ,Novedad,,Monetary Base (Sept.),2026-10-09 18:40
http://www.boj.or.jp/en/statistics/tk/tankan09b.htm,2026-10-01 23:50,BoJ,Novedad,,Tankan (Sept.): Comprehensive Data Set,2026-10-09 18:40
https://www.federalreserve.gov/newsevents/speech/bowman20261001a.htm,2026-10-01 19:00,Fed,Discurso,Bowman,Modernizing Financial Regulation: Initial Observations from eSLR,2026-10-09 18:40
https://www.federalreserve.gov/newsevents/speech/jefferson20261001a.htm,2026-10-01 17:30,Fed,Discurso,Jefferson,The U.S. Economy and Monetary Policy,2026-10-09 18:40
https://www.ecb.europa.eu/press/key/date/2026/html/ecb.sp261001_1~a0be67193b.en.pdf,2026-10-01 15:30,BCE,Discurso,Isabel Schnabel,Central banks on-chain,2026-10-09 18:40
https://www.federalreserve.gov/newsevents/speech/waller20261001a.htm,2026-10-01 14:00,Fed,Discurso,Waller,The Data Version of Godzilla versus Kong: FRED Takes on AI,2026-10-09 18:40
https://www.ecb.europa.eu/press/key/date/2026/html/ecb.sp261001~cf3c630379.en.html,2026-10-01 13:30,BCE,Discurso,Christine Lagarde,Where AI risks meet,2026-10-09 18:40
https://www.bankofengland.co.uk/minutes/2026/july/court-minutes-16-july-2026,2026-10-01 13:00,BoE,Noticia,,Minutes of the Meeting of the Court of Directors held on 16 July 2026,2026-10-09 18:40
http://www.boj.or.jp/en/statistics/boj/fm/juqf/juqf09.xlsx,2026-10-01 04:00,BoJ,Novedad,,Sources of Changes in Current Account Balances and Market Operations (Sept.),2026-10-09 18:40
http://www.boj.or.jp/en/mopo/mpmsche_minu/opinion_2026/opi260918.pdf,2026-09-30 23:50,BoJ,Novedad,,"Summary of Opinions at the Monetary Policy Meeting on September 17 and 18, 2026",2026-10-09 18:40
http://www.boj.or.jp/en/statistics/tk/tankan09a.htm,2026-09-30 23:50,BoJ,Novedad,,Tankan (Sept.): Summary and Outline,2026-10-09 18:40
https://www.federalreserve.gov/newsevents/speech/cook20260930a.htm,2026-09-30 19:25,Fed,Discurso,Cook,The Dual Mandate in Rural America,2026-10-09 18:40
https://www.ecb.europa.eu/press/inter/date/2026/html/ecb.in260930~10084a5f3d.en.html,2026-09-30 17:00,BCE,Entrevista,Christine Lagarde,Interview with La Croix,2026-10-09 18:40
https://www.ecb.europa.eu/press/key/date/2026/html/ecb.sp260930_1~7c6c120482.en.html,2026-09-30 15:45,BCE,Discurso,Isabel Schnabel,Monetary policy in a world of overlapping shocks,2026-10-09 18:40
https://www.federalreserve.gov/newsevents/pressreleases/bcreg20260930a.htm,2026-09-30 13:00,Fed,Comunicado,,Federal Reserve Board finalizes changes to enhance the transparency and public accountability of its stress test and reduce volatility in its stress test-related capital requirements,2026-10-09 18:40
https://www.bankofengland.co.uk/financial-policy-committee-record/2026/september-2026,2026-09-30 09:30,BoE,Noticia,,Financial Policy Committee Record – September 2026,2026-10-09 18:40
http://www.boj.or.jp/en/mopo/mpmdeci/mpr_2026/mpr260930a.pdf,2026-09-30 08:00,BoJ,Novedad,,Quarterly Schedule of Outright Purchases of Japanese Government Bonds (Competitive Auction Method) (October-December 2026),2026-10-09 18:40
http://www.boj.or.jp/en/paym/bond/ryudo.pdf,2026-09-30 07:00,BoJ,Novedad,,Liquidity Indicators in the JGB Markets (August),2026-10-09 18:40
https://www.ecb.europa.eu/press/key/date/2026/html/ecb.sp260930~d495288355.en.html,2026-09-30 02:20,BCE,Discurso,Frank Elderson,"Supervisory risk appetite, efficiency and effectiveness",2026-10-09 18:40
http://www.boj.or.jp/en/statistics/set/kess/release/2026/kess2608.pdf,2026-09-30 02:00,BoJ,Novedad,,Payment and Settlement Statistics (Aug.),2026-10-09 18:40
https://www.federalreserve.gov/newsevents/pressreleases/bcreg20260929a.htm,2026-09-29 20:00,Fed,Comunicado,,Agencies publish resolution plan feedback letters for 15 banking organizations,2026-10-09 18:40
https://www.federalreserve.gov/newsevents/speech/waller20260928a.htm,2026-09-29 19:00,Fed,Discurso,Waller,Payments in the Age of AI Agents,2026-10-09 18:40
https://www.federalreserve.gov/newsevents/speech/barr20260929a.htm,2026-09-29 16:40,Fed,Discurso,Barr,Economic Conditions and Monetary Policy,2026-10-09 18:40
https://www.federalreserve.gov/newsevents/speech/bowman20260929a.htm,2026-09-29 15:00,Fed,Discurso,Bowman,Opening Remarks,2026-10-09 18:40
https://www.ecb.europa.eu/press/pr/date/2026/html/ecb.pr260929~050089e922.en.html,2026-09-29 08:00,BCE,Comunicado,,ECB amends monetary policy implementation guidelines as part of regular review,2026-10-09 18:40
https://www.federalreserve.gov/newsevents/speech/cook20260928a.htm,2026-09-28 17:25,Fed,Discurso,Cook,An Update on AI and the Economy,2026-10-09 18:40
http://www.boj.or.jp/en/mopo/mpmsche_minu/minu_2026/g260731.pdf,2026-09-27 23:50,BoJ,Novedad,,"Minutes of the Monetary Policy Meeting on July 30 and 31, 2026",2026-10-09 18:40
http://www.boj.or.jp/en/statistics/pi/cspi_release/sppi2608.pdf,2026-09-27 23:50,BoJ,Novedad,,Services Producer Price Index (Aug.),2026-10-09 18:40
https://www.federalreserve.gov/newsevents/pressreleases/orders20260925a.htm,2026-09-25 20:30,Fed,Comunicado,,Federal Reserve Board announces approval of application by Peoples Bancorp Inc.,2026-10-09 18:40
http://www.boj.or.jp/en/mopo/mpmdeci/mpr_2026/mpr260925a.pdf,2026-09-25 08:00,BoJ,Novedad,,Conduct of Funds-Supplying Operations against Pooled Collateral,2026-10-09 18:40
http://www.boj.or.jp/en/statistics/boj/other/mei/release/2026/mei260918.xlsx,2026-09-25 08:00,BoJ,Novedad,,Japanese Government Bonds Held by the Bank of Japan,2026-10-09 18:40
https://www.bankofengland.co.uk/minutes/2026/september/market-participants-group-meeting-25-september-2026,2026-09-25 06:30,BoE,Noticia,,Minutes of the Market Participants Group meeting – 24 September 2026,2026-10-09 18:40
http://www.boj.or.jp/en/research/wps_rev/rev_2026/rev26e13.htm,2026-09-25 05:00,BoJ,Novedad,,(BOJ Review)The Expansion and Diversification of Private Credit Funds,2026-10-09 18:40
http://www.boj.or.jp/en/research/wps_rev/rev_2026/rev26e12.htm,2026-09-25 05:00,BoJ,Novedad,,(BOJ Review) Granular Insights into Depositor Dynamics and Deposit Spreads in Japanese G-SIBs' Foreign Currency Deposits,2026-10-09 18:40
http://www.boj.or.jp/en/research/research_data/cpi/index.htm,2026-09-25 05:00,BoJ,Novedad,,Indicators for Core CPI,2026-10-09 18:40
http://www.boj.or.jp/en/statistics/boj/other/acmai/release/2026/ac260920.htm,2026-09-25 01:00,BoJ,Novedad,,Bank of Japan Accounts (September 20),2026-10-09 18:40
http://www.boj.or.jp/en/statistics/bis/ibs/index.htm,2026-09-24 23:50,BoJ,Novedad,,Results of BIS International Locational Banking Statistics and International Consolidated Banking Statistics in Japan,2026-10-09 18:40
https://www.federalreserve.gov/newsevents/pressreleases/bcreg20260924a.htm,2026-09-24 18:30,Fed,Comunicado,,Federal Reserve Board requests public comment on two proposals related to establishing a regulatory framework for Board-supervised payment stablecoin issuers under the GENIUS Act,2026-10-09 18:40
https://www.federalreserve.gov/newsevents/pressreleases/enforcement20260924a.htm,2026-09-24 15:00,Fed,Comunicado,,Federal Reserve Board issues enforcement action with former employee of Sandy Spring Bank,2026-10-09 18:40
http://www.boj.or.jp/en/statistics/bis/repo/index.htm,2026-09-23 23:50,BoJ,Novedad,,Statistics on Securities Financing Transactions in Japan,2026-10-09 18:40
https://www.federalreserve.gov/newsevents/speech/barr20260923a.htm,2026-09-23 14:05,Fed,Discurso,Barr,A Long-Term View on the Costs of Shelter,2026-10-09 18:40
https://www.federalreserve.gov/newsevents/pressreleases/orders20260922a.htm,2026-09-22 20:30,Fed,Comunicado,,Federal Reserve Board announces approval of application by BancFirst Corporation,2026-10-09 18:40
https://www.bankofengland.co.uk/markets/market-notices/2026/september/foreign-currency-reserves-2026-market-notice-22-september-2026,2026-09-22 15:30,BoE,Noticia,,Foreign Currency Reserves 2026 – Market Notice 22 September 2026,2026-10-09 18:40
https://www.federalreserve.gov/newsevents/speech/jefferson20260922a.htm,2026-09-22 14:20,Fed,Discurso,Jefferson,Discount Window Modernization and Treasury Market Functioning,2026-10-09 18:40
https://www.bankofengland.co.uk/news/2026/september/bank-of-england-announces-new-office-space-in-leeds,2026-09-21 12:00,BoE,Noticia,,Bank of England announces new office space in Leeds,2026-10-09 18:40
https://www.bankofengland.co.uk/markets/market-notices/2026/september/foreign-currency-reserves-2026-market-notice-21-september-2026,2026-09-21 11:30,BoE,Noticia,,Foreign Currency Reserves 2026 – Market Notice 21 September 2026,2026-10-09 18:40
https://www.federalreserve.gov/newsevents/pressreleases/enforcement20260918b.htm,2026-09-18 15:00,Fed,Comunicado,,Federal Reserve Board announces termination of enforcement action with SNB Bancshares and Bank of Eufaula,2026-10-09 18:40
https://www.federalreserve.gov/newsevents/pressreleases/enforcement20260918a.htm,2026-09-18 15:00,Fed,Comunicado,,"Federal Reserve Board issues enforcement actions with former employee of Northstar Bank, former employee of American Express Travel Related Services Company, Inc., and former employee of Regions Bank",2026-10-09 18:40
https://www.federalreserve.gov/newsevents/speech/bowman20260918b.htm,2026-09-18 13:30,Fed,Discurso,Bowman,Initial Findings from Independent Review of Silicon Valley Bank,2026-10-09 18:40
https://www.federalreserve.gov/newsevents/speech/bowman20260918a.htm,2026-09-18 13:30,Fed,Discurso,Bowman,The Final Chapter on Modernizing Bank Regulatory Stress Testing,2026-10-09 18:40
https://www.bankofengland.co.uk/minutes/2026/july/minutes-of-the-transaction-and-post-trade-reporting-harmonisation-taskforce-july-2026,2026-09-18 11:00,BoE,Noticia,,Minutes of the Transaction and Post-trade Reporting Harmonisation Taskforce - July 2026,2026-10-09 18:40
http://www.boj.or.jp/en/mopo/mpmdeci/mpr_2026/mpr260918b.pdf,2026-09-18 03:30,BoJ,Novedad,,"Amendment to ""Principal Terms and Conditions of Complementary Deposit Facility""",2026-10-09 18:40
http://www.boj.or.jp/en/mopo/mpmdeci/mpr_2026/mpr260918a.pdf,2026-09-18 03:15,BoJ,Novedad,,"Amendment to ""Principal Terms and Conditions of the Funds-Supplying Operations to Support Financing for Climate Change Responses""",2026-10-09 18:40
http://www.boj.or.jp/en/mopo/mpmdeci/mpr_2026/k260918b.pdf,2026-09-18 02:54,BoJ,Novedad,,(Reference) Change in the Guideline for Money Market Operations (September 2026 MPM),2026-10-09 18:40
https://www.bankofengland.co.uk/news/2026/september/the-governor-interview-transcript-17-september-2026,2026-09-17 13:30,BoE,Noticia,,Transcript of the Governor's pooled broadcast interview given on 17 September 2026,2026-10-09 18:40
https://www.bankofengland.co.uk/news/2026/september/mpc-dates-for-2027,2026-09-17 13:30,BoE,Noticia,,Monetary Policy Committee dates for 2027,2026-10-09 18:40
https://www.bankofengland.co.uk/monetary-policy-summary-and-minutes/2026/september-2026,2026-09-17 11:00,BoE,Noticia,,Bank rate maintained at 3.75% - September 2026 Monetary Policy Summary and Minutes,2026-10-09 18:40
https://www.bankofengland.co.uk/letter/2026/cpi-inflation-september-2026,2026-09-17 11:00,BoE,Noticia,,Exchange of letters between the Governor and the Chancellor regarding CPI Inflation - September 2026,2026-10-09 18:40
https://www.bankofengland.co.uk/letter/2026/exchange-of-letters-between-the-governor-and-the-chancellor-regarding-qt-and-the-apf,2026-09-17 11:00,BoE,Noticia,,Exchange of letters between the Governor and the Chancellor regarding QT and the APF - September 2026,2026-10-09 18:40
https://www.bankofengland.co.uk/markets/market-notices/2026/asset-purchase-facility-gilt-sales-market-notice-17-september-2026,2026-09-17 11:00,BoE,Noticia,,Asset Purchase Facility: Gilt Sales – Market Notice 17 September 2026,2026-10-09 18:40
http://www.boj.or.jp/en/research/research_data/reri/index.htm,2026-09-17 07:00,BoJ,Novedad,,Developments in Real Exports and Real Imports,2026-10-09 18:40
http://www.boj.or.jp/en/statistics/sj/sj.htm,2026-09-16 23:50,BoJ,Novedad,,"Flow of Funds Accounts (2nd Quarter 2026, Preliminary Figures)",2026-10-09 18:40
https://www.federalreserve.gov/newsevents/pressreleases/monetary20260916a.htm,2026-09-16 18:00,Fed,Comunicado,,Federal Reserve issues FOMC statement,2026-10-09 18:40
https://www.federalreserve.gov/newsevents/pressreleases/monetary20260916b.htm,2026-09-16 18:00,Fed,Comunicado,,Federal Reserve Board and Federal Open Market Committee release economic projections from the September 15-16 FOMC meeting,2026-10-09 18:40
https://www.bankofengland.co.uk/news/2026/september/chancellor-announces-boe-appointments,2026-09-16 14:03,BoE,Noticia,,Chancellor announces Bank of England appointments,2026-10-09 18:40
https://www.bankofengland.co.uk/statistics/notice/2026/statistical-notice-2026-08,2026-09-15 09:21,BoE,Noticia,,Statistical Notice 2026/08 - Changes to the criteria for monthly form BT reporting,2026-10-09 18:40
https://www.bankofengland.co.uk/minutes/2026/march/minutes-of-the-securities-lending-committee-meeting-march-2026,2026-09-15 08:09,BoE,Noticia,,Minutes of the Securities Lending Committee meeting – March 2026,2026-10-09 18:40
https://www.federalreserve.gov/newsevents/pressreleases/bcreg20260911a.htm,2026-09-11 14:00,Fed,Comunicado,,Agencies seek comment on proposed third-party risk management guidance and issue statement on community bank engagement with core service providers,2026-10-09 18:40
https://www.federalreserve.gov/newsevents/pressreleases/bcreg20260910a.htm,2026-09-10 20:00,Fed,Comunicado,,"Agencies reduce regulatory burden for community banks, increase eligibility for 18-month exam cycle",2026-10-09 18:40
https://www.bankofengland.co.uk/news/2026/september/statement-announcing-governors-interview,2026-09-10 09:00,BoE,Noticia,,Announcement of the publication of the Governor's interview transcript,2026-10-09 18:40
https://www.federalreserve.gov/newsevents/pressreleases/enforcement20260904a.htm,2026-09-04 15:00,Fed,Comunicado,,"Federal Reserve Board announces termination of enforcement actions with United Texas Bank, Quontic Bank Acquisition Corp., and Quontic Bank Holdings Corp.",2026-10-09 18:40
https://www.federalreserve.gov/newsevents/speech/waller20260903a.htm,2026-09-03 12:30,Fed,Discurso,Waller,The Economic Outlook and Some Comments on My Policy Communication,2026-10-09 18:40
https://www.bankofengland.co.uk/news/2026/august/delay-to-the-november-2026-rtgs-standards-release,2026-08-27 13:16,BoE,Noticia,,Delay to the November 2026 RTGS standards release,2026-10-09 18:40
https://www.bankofengland.co.uk/markets/london-foreign-exchange-joint-standing-committee/results-of-the-semi-annual-fx-turnover-survey-april-2026,2026-08-11 13:00,BoE,Noticia,,Results of the Semi-Annual FX Turnover Surveys in April 2026,2026-10-09 18:40
https://www.bankofengland.co.uk/statistics/notice/2026/green-notice-2026-02,2026-08-06 11:00,BoE,Noticia,,Green notice 2026/02,2026-10-09 18:40
https://www.bankofengland.co.uk/minutes/2026/june/ai-consortium-minutes-3-june-2026,2026-08-05 10:51,BoE,Noticia,,Artificial Intelligence Consortium minutes – June 2026,2026-10-09 18:40
https://www.bankofengland.co.uk/news/2026/august/appointment-of-chair-and-deputy-chair-of-the-edmc,2026-08-03 09:00,BoE,Noticia,,Appointment of Chair and Deputy Chair of the Enforcement Decision Making Committee (EDMC),2026-10-09 18:40
https://www.bankofengland.co.uk/minutes/2026/july/court-minutes-4-june-2026,2026-07-30 13:00,BoE,Noticia,,Minutes of the Meeting of the Court of Directors held on 4 June 2026,2026-10-09 18:40
https://www.bankofengland.co.uk/monetary-policy-summary-and-minutes/2026/july-2026,2026-07-30 11:00,BoE,Noticia,,Bank Rate maintained at 3.75% - July 2026 Monetary Policy Summary and Minutes,2026-10-09 18:40
https://www.bankofengland.co.uk/letter/2026/letter-from-the-governor-to-the-daily-mail,2026-07-23 16:00,BoE,Noticia,,Letter from the Governor to the Daily Mail,2026-10-09 18:40
https://www.bankofengland.co.uk/news/2026/july/pra-consults-on-updated-guidance-for-friendly-society-amalgamations-and-transfers,2026-07-22 09:00,BoE,Noticia,,PRA consults on updated guidance for friendly society amalgamations and transfers,2026-10-09 18:40
https://www.bankofengland.co.uk/news/2026/july/pra-fines-hdi-global-se-4165000-for-inaccurate-reporting,2026-07-20 09:00,BoE,Noticia,,"PRA fines HDI Global SE £4,165,000 for inaccurate reporting of FSCS Liabilities and FSCS Fee Tariff data",2026-10-09 18:40
https://www.bankofengland.co.uk/news/2026/july/pra-and-fca-propose-new-captive-insurance-regime-to-drive-uk-growth-and-competitiveness,2026-07-14 14:00,BoE,Noticia,,PRA and FCA propose new captive insurance regime to drive UK growth and competitiveness,2026-10-09 18:40
https://www.bankofengland.co.uk/minutes/2026/june/money-markets-committee-minutes-june-2026,2026-07-13 12:32,BoE,Noticia,,Minutes of the Money Market Committee meeting – June 2026,2026-10-09 18:40
https://www.bankofengland.co.uk/news/2026/july/uk-financial-regulators-to-begin-overseeing-critical-third-parties-announced-by-hmt,2026-07-10 09:15,BoE,Noticia,,UK financial regulators to begin overseeing Critical Third Parties announced by HM Treasury,2026-10-09 18:40
https://www.bankofengland.co.uk/minutes/2026/june/uk-money-markets-committee-minutes-june-2026,2026-07-08 14:52,BoE,Noticia,,Minutes of the UK Money Markets Code Sub-Committee – June 2026,2026-10-09 18:40
https://www.bankofengland.co.uk/letter/2026/letter-from-the-governor-to-joe-powell,2026-07-08 14:00,BoE,Noticia,,Letter from the Governor to Joe Powell MP,2026-10-09 18:40
