capturado_utc,reunion,tipo_esperado,prob_subida,prob_mantiene,prob_bajada,fecha_precios
2026-10-08 15:34 UTC,2026-10-28,3.93,20.0,80.0,0,2026-10-08
2026-10-08 15:34 UTC,2026-12-09,4.1414,84.5,15.5,0,2026-10-08
2026-10-08 15:34 UTC,2027-01-27,4.235,37.5,62.5,0,2026-10-08
2026-10-08 15:34 UTC,2027-03-17,4.4121,70.9,29.1,0,2026-10-08
2026-10-08 15:34 UTC,2027-04-28,4.51,39.1,60.9,0,2026-10-08
2026-10-08 15:34 UTC,2027-06-09,4.6171,42.9,57.1,0,2026-10-08
2026-10-08 15:54 UTC,2026-10-28,3.93,20.0,80.0,0,2026-10-08
2026-10-08 15:54 UTC,2026-12-09,4.1343,81.7,18.3,0,2026-10-08
2026-10-08 15:54 UTC,2027-01-27,4.23,38.3,61.7,0,2026-10-08
2026-10-08 15:54 UTC,2027-03-17,4.4071,70.9,29.1,0,2026-10-08
2026-10-08 15:54 UTC,2027-04-28,4.5,37.1,62.9,0,2026-10-08
2026-10-08 15:54 UTC,2027-06-09,4.6071,42.9,57.1,0,2026-10-08
