area,fecha,valor,capturado
US,2010-01-01,0.125,2026-10-10
US,2015-12-17,0.375,2026-10-10
US,2016-12-15,0.625,2026-10-10
US,2017-03-16,0.875,2026-10-10
US,2017-06-15,1.125,2026-10-10
US,2017-12-14,1.375,2026-10-10
US,2018-03-22,1.625,2026-10-10
US,2018-06-14,1.875,2026-10-10
US,2018-09-27,2.125,2026-10-10
US,2018-12-20,2.375,2026-10-10
US,2019-08-01,2.125,2026-10-10
US,2019-09-19,1.875,2026-10-10
US,2019-10-31,1.625,2026-10-10
US,2020-03-04,1.125,2026-10-10
US,2020-03-16,0.125,2026-10-10
US,2022-03-17,0.375,2026-10-10
US,2022-05-05,0.875,2026-10-10
US,2022-06-16,1.625,2026-10-10
US,2022-07-28,2.375,2026-10-10
US,2022-09-22,3.125,2026-10-10
US,2022-11-03,3.875,2026-10-10
US,2022-12-15,4.375,2026-10-10
US,2023-02-02,4.625,2026-10-10
US,2023-03-23,4.875,2026-10-10
US,2023-05-04,5.125,2026-10-10
US,2023-07-27,5.375,2026-10-10
US,2024-09-19,4.875,2026-10-10
US,2024-11-08,4.625,2026-10-10
US,2024-12-19,4.375,2026-10-10
US,2025-09-18,4.125,2026-10-10
US,2025-10-30,3.875,2026-10-10
US,2025-12-11,3.625,2026-10-10
US,2026-09-17,3.875,2026-10-10
XM,2010-01-01,1.0,2026-10-10
XM,2011-04-13,1.25,2026-10-10
XM,2011-07-13,1.5,2026-10-10
XM,2011-11-09,1.25,2026-10-10
XM,2011-12-14,1.0,2026-10-10
XM,2012-07-11,0.75,2026-10-10
XM,2013-05-08,0.5,2026-10-10
XM,2013-11-13,0.25,2026-10-10
XM,2014-06-11,0.15,2026-10-10
XM,2014-09-10,0.05,2026-10-10
XM,2016-03-16,0.0,2026-10-10
XM,2022-07-27,0.5,2026-10-10
XM,2022-09-14,1.25,2026-10-10
XM,2022-11-02,2.0,2026-10-10
XM,2022-12-21,2.5,2026-10-10
XM,2023-02-08,3.0,2026-10-10
XM,2023-03-22,3.5,2026-10-10
XM,2023-05-10,3.75,2026-10-10
XM,2023-06-21,4.0,2026-10-10
XM,2023-08-02,4.25,2026-10-10
XM,2023-09-20,4.5,2026-10-10
XM,2024-06-12,4.25,2026-10-10
XM,2024-09-18,3.5,2026-10-10
XM,2024-10-23,3.25,2026-10-10
XM,2024-12-18,3.0,2026-10-10
XM,2025-02-05,2.75,2026-10-10
XM,2025-03-12,2.5,2026-10-10
XM,2025-04-23,2.25,2026-10-10
XM,2025-06-11,2.0,2026-10-10
XM,2026-06-17,2.25,2026-10-10
XM,2026-09-16,2.5,2026-10-10
JP,2010-01-01,0.1,2026-10-10
JP,2010-10-05,0.05,2026-10-10
JP,2016-09-21,-0.1,2026-10-10
JP,2024-03-21,0.05,2026-10-10
JP,2024-08-01,0.25,2026-10-10
JP,2025-01-27,0.5,2026-10-10
JP,2025-12-22,0.75,2026-10-10
JP,2026-06-17,1.0,2026-10-10
JP,2026-09-24,1.25,2026-10-10
GB,2010-01-04,0.5,2026-10-10
GB,2016-08-04,0.25,2026-10-10
GB,2017-11-02,0.5,2026-10-10
GB,2018-08-02,0.75,2026-10-10
GB,2020-03-11,0.25,2026-10-10
GB,2020-03-19,0.1,2026-10-10
GB,2021-12-16,0.25,2026-10-10
GB,2022-02-03,0.5,2026-10-10
GB,2022-03-17,0.75,2026-10-10
GB,2022-05-05,1.0,2026-10-10
GB,2022-06-16,1.25,2026-10-10
GB,2022-08-04,1.75,2026-10-10
GB,2022-09-22,2.25,2026-10-10
GB,2022-11-03,3.0,2026-10-10
GB,2022-12-15,3.5,2026-10-10
GB,2023-02-02,4.0,2026-10-10
GB,2023-03-23,4.25,2026-10-10
GB,2023-05-11,4.5,2026-10-10
GB,2023-06-22,5.0,2026-10-10
GB,2023-08-03,5.25,2026-10-10
GB,2024-08-01,5.0,2026-10-10
GB,2024-11-07,4.75,2026-10-10
GB,2025-02-06,4.5,2026-10-10
GB,2025-05-08,4.25,2026-10-10
GB,2025-08-07,4.0,2026-10-10
GB,2025-12-18,3.75,2026-10-10
CH,2010-01-01,0.375,2026-10-10
CH,2011-08-03,0.125,2026-10-10
CH,2014-12-18,-0.25,2026-10-10
CH,2015-01-15,-0.75,2026-10-10
CH,2022-06-17,-0.25,2026-10-10
CH,2022-09-23,0.5,2026-10-10
CH,2022-12-16,1.0,2026-10-10
CH,2023-03-24,1.5,2026-10-10
CH,2023-06-23,1.75,2026-10-10
CH,2024-03-22,1.5,2026-10-10
CH,2024-06-21,1.25,2026-10-10
CH,2024-09-27,1.0,2026-10-10
CH,2024-12-13,0.5,2026-10-10
CH,2025-03-21,0.25,2026-10-10
CH,2025-06-20,0.0,2026-10-10
CA,2010-01-01,0.25,2026-10-10
CA,2010-06-01,0.5,2026-10-10
CA,2010-07-20,0.75,2026-10-10
CA,2010-09-08,1.0,2026-10-10
CA,2015-01-21,0.75,2026-10-10
CA,2015-07-15,0.5,2026-10-10
CA,2017-07-12,0.75,2026-10-10
CA,2017-09-06,1.0,2026-10-10
CA,2018-01-17,1.25,2026-10-10
CA,2018-07-11,1.5,2026-10-10
CA,2018-10-24,1.75,2026-10-10
CA,2020-03-04,1.25,2026-10-10
CA,2020-03-16,0.75,2026-10-10
CA,2020-03-27,0.25,2026-10-10
CA,2022-03-03,0.5,2026-10-10
CA,2022-04-14,1.0,2026-10-10
CA,2022-06-02,1.5,2026-10-10
CA,2022-07-14,2.5,2026-10-10
CA,2022-09-08,3.25,2026-10-10
CA,2022-10-27,3.75,2026-10-10
CA,2022-12-08,4.25,2026-10-10
CA,2023-01-26,4.5,2026-10-10
CA,2023-06-08,4.75,2026-10-10
CA,2023-07-13,5.0,2026-10-10
CA,2024-06-06,4.75,2026-10-10
CA,2024-07-25,4.5,2026-10-10
CA,2024-09-05,4.25,2026-10-10
CA,2024-10-24,3.75,2026-10-10
CA,2024-12-12,3.25,2026-10-10
CA,2025-01-30,3.0,2026-10-10
CA,2025-03-13,2.75,2026-10-10
CA,2025-09-18,2.5,2026-10-10
CA,2025-10-30,2.25,2026-10-10
AU,2010-01-04,3.75,2026-10-10
AU,2010-03-03,4.0,2026-10-10
AU,2010-04-07,4.25,2026-10-10
AU,2010-05-05,4.5,2026-10-10
AU,2010-09-03,4.5001,2026-10-10
AU,2010-09-06,4.5,2026-10-10
AU,2010-11-03,4.75,2026-10-10
AU,2010-11-23,4.7538,2026-10-10
AU,2010-11-24,4.75,2026-10-10
AU,2011-11-02,4.5,2026-10-10
AU,2011-12-07,4.25,2026-10-10
AU,2012-05-02,3.75,2026-10-10
AU,2012-06-06,3.5,2026-10-10
AU,2012-10-03,3.25,2026-10-10
AU,2012-12-05,3.0,2026-10-10
AU,2013-05-08,2.75,2026-10-10
AU,2013-08-07,2.5,2026-10-10
AU,2015-02-04,2.25,2026-10-10
AU,2015-05-06,2.0,2026-10-10
AU,2016-05-04,1.75,2026-10-10
AU,2016-08-03,1.5,2026-10-10
AU,2019-06-05,1.25,2026-10-10
AU,2019-07-03,1.0,2026-10-10
AU,2019-10-02,0.75,2026-10-10
AU,2020-03-04,0.5,2026-10-10
AU,2020-03-20,0.25,2026-10-10
AU,2020-11-04,0.1,2026-10-10
AU,2022-05-04,0.35,2026-10-10
AU,2022-06-08,0.85,2026-10-10
AU,2022-07-06,1.35,2026-10-10
AU,2022-08-03,1.85,2026-10-10
AU,2022-09-07,2.35,2026-10-10
AU,2022-10-05,2.6,2026-10-10
AU,2022-11-02,2.85,2026-10-10
AU,2022-12-07,3.1,2026-10-10
AU,2023-02-08,3.35,2026-10-10
AU,2023-03-08,3.6,2026-10-10
AU,2023-05-03,3.85,2026-10-10
AU,2023-06-07,4.1,2026-10-10
AU,2023-11-08,4.35,2026-10-10
AU,2025-02-19,4.1,2026-10-10
AU,2025-05-21,3.85,2026-10-10
AU,2025-08-13,3.6,2026-10-10
AU,2026-02-04,3.85,2026-10-10
AU,2026-03-18,4.1,2026-10-10
AU,2026-05-06,4.35,2026-10-10
NZ,2010-01-01,2.5,2026-10-10
NZ,2010-06-10,2.75,2026-10-10
NZ,2010-07-29,3.0,2026-10-10
NZ,2011-03-10,2.5,2026-10-10
NZ,2014-03-13,2.75,2026-10-10
NZ,2014-04-24,3.0,2026-10-10
NZ,2014-06-12,3.25,2026-10-10
NZ,2014-07-24,3.5,2026-10-10
NZ,2015-06-11,3.25,2026-10-10
NZ,2015-07-23,3.0,2026-10-10
NZ,2015-09-10,2.75,2026-10-10
NZ,2015-12-10,2.5,2026-10-10
NZ,2016-03-10,2.25,2026-10-10
NZ,2016-08-11,2.0,2026-10-10
NZ,2016-11-10,1.75,2026-10-10
NZ,2019-05-09,1.5,2026-10-10
NZ,2019-08-08,1.0,2026-10-10
NZ,2020-03-17,0.25,2026-10-10
NZ,2021-10-07,0.5,2026-10-10
NZ,2021-11-25,0.75,2026-10-10
NZ,2022-02-24,1.0,2026-10-10
NZ,2022-04-14,1.5,2026-10-10
NZ,2022-05-26,2.0,2026-10-10
NZ,2022-07-14,2.5,2026-10-10
NZ,2022-08-18,3.0,2026-10-10
NZ,2022-10-06,3.5,2026-10-10
NZ,2022-11-24,4.25,2026-10-10
NZ,2023-02-23,4.75,2026-10-10
NZ,2023-04-06,5.25,2026-10-10
NZ,2023-05-25,5.5,2026-10-10
NZ,2024-08-15,5.25,2026-10-10
NZ,2024-10-10,4.75,2026-10-10
NZ,2024-11-28,4.25,2026-10-10
NZ,2025-02-20,3.75,2026-10-10
NZ,2025-04-10,3.5,2026-10-10
NZ,2025-05-29,3.25,2026-10-10
NZ,2025-08-21,3.0,2026-10-10
NZ,2025-10-09,2.5,2026-10-10
NZ,2025-11-27,2.25,2026-10-10
NZ,2026-07-09,2.5,2026-10-10
NZ,2026-09-03,2.75,2026-10-10
SE,2010-01-04,0.25,2026-10-10
SE,2010-07-07,0.5,2026-10-10
SE,2010-09-08,0.75,2026-10-10
SE,2010-10-27,1.0,2026-10-10
SE,2010-12-22,1.25,2026-10-10
SE,2011-02-16,1.5,2026-10-10
SE,2011-04-27,1.75,2026-10-10
SE,2011-07-06,2.0,2026-10-10
SE,2011-12-21,1.75,2026-10-10
SE,2012-02-22,1.5,2026-10-10
SE,2012-09-12,1.25,2026-10-10
SE,2012-12-19,1.0,2026-10-10
SE,2013-12-18,0.75,2026-10-10
SE,2014-07-09,0.25,2026-10-10
SE,2014-10-29,0.0,2026-10-10
SE,2015-02-18,-0.1,2026-10-10
SE,2015-03-25,-0.25,2026-10-10
SE,2015-07-08,-0.35,2026-10-10
SE,2016-02-17,-0.5,2026-10-10
SE,2019-01-09,-0.25,2026-10-10
SE,2020-01-08,0.0,2026-10-10
SE,2022-05-04,0.25,2026-10-10
SE,2022-07-06,0.75,2026-10-10
SE,2022-09-21,1.75,2026-10-10
SE,2022-11-30,2.5,2026-10-10
SE,2023-02-15,3.0,2026-10-10
SE,2023-05-03,3.5,2026-10-10
SE,2023-07-05,3.75,2026-10-10
SE,2023-09-27,4.0,2026-10-10
SE,2024-05-15,3.75,2026-10-10
SE,2024-08-21,3.5,2026-10-10
SE,2024-10-02,3.25,2026-10-10
SE,2024-11-13,2.75,2026-10-10
SE,2025-01-08,2.5,2026-10-10
SE,2025-02-05,2.25,2026-10-10
SE,2025-06-25,2.0,2026-10-10
SE,2025-10-01,1.75,2026-10-10
NO,2010-01-04,1.75,2026-10-10
NO,2010-05-06,2.0,2026-10-10
NO,2011-05-13,2.25,2026-10-10
NO,2011-12-15,1.75,2026-10-10
NO,2012-03-15,1.5,2026-10-10
NO,2014-12-12,1.25,2026-10-10
NO,2015-06-19,1.0,2026-10-10
NO,2015-09-25,0.75,2026-10-10
NO,2016-03-18,0.5,2026-10-10
NO,2018-09-21,0.75,2026-10-10
NO,2019-03-22,1.0,2026-10-10
NO,2019-06-21,1.25,2026-10-10
NO,2019-09-20,1.5,2026-10-10
NO,2020-03-16,1.0,2026-10-10
NO,2020-03-23,0.25,2026-10-10
NO,2020-05-08,0.0,2026-10-10
NO,2021-09-24,0.25,2026-10-10
NO,2021-12-17,0.5,2026-10-10
NO,2022-03-25,0.75,2026-10-10
NO,2022-06-24,1.25,2026-10-10
NO,2022-08-19,1.75,2026-10-10
NO,2022-09-23,2.25,2026-10-10
NO,2022-11-04,2.5,2026-10-10
NO,2022-12-16,2.75,2026-10-10
NO,2023-03-24,3.0,2026-10-10
NO,2023-05-05,3.25,2026-10-10
NO,2023-06-23,3.75,2026-10-10
NO,2023-08-18,4.0,2026-10-10
NO,2023-09-22,4.25,2026-10-10
NO,2023-12-15,4.5,2026-10-10
NO,2025-06-20,4.25,2026-10-10
NO,2025-09-19,4.0,2026-10-10
NO,2026-05-08,4.25,2026-10-10
NO,2026-09-25,4.5,2026-10-10
DK,2010-01-04,0.95,2026-10-10
DK,2010-01-08,0.9,2026-10-10
DK,2010-01-15,0.8,2026-10-10
DK,2010-03-26,0.7,2026-10-10
DK,2010-05-20,0.6,2026-10-10
DK,2010-05-27,0.5,2026-10-10
DK,2010-10-15,0.6,2026-10-10
DK,2010-10-29,0.7,2026-10-10
DK,2011-04-08,0.95,2026-10-10
DK,2011-07-08,1.2,2026-10-10
DK,2011-08-26,1.1,2026-10-10
DK,2011-09-16,1.0,2026-10-10
DK,2011-11-04,0.65,2026-10-10
DK,2011-12-09,0.4,2026-10-10
DK,2011-12-16,0.3,2026-10-10
DK,2012-05-25,0.2,2026-10-10
DK,2012-06-01,0.05,2026-10-10
DK,2012-07-06,-0.2,2026-10-10
DK,2013-01-25,-0.1,2026-10-10
DK,2014-04-25,0.05,2026-10-10
DK,2014-09-05,-0.05,2026-10-10
DK,2015-01-20,-0.2,2026-10-10
DK,2015-01-23,-0.35,2026-10-10
DK,2015-01-30,-0.5,2026-10-10
DK,2015-02-06,-0.75,2026-10-10
DK,2016-01-08,-0.65,2026-10-10
DK,2019-09-13,-0.75,2026-10-10
DK,2020-03-20,-0.6,2026-10-10
DK,2021-03-19,-0.5,2026-10-10
DK,2021-10-01,-0.6,2026-10-10
DK,2022-07-22,-0.1,2026-10-10
DK,2022-09-09,0.65,2026-10-10
DK,2022-10-28,1.25,2026-10-10
DK,2022-12-16,1.75,2026-10-10
DK,2023-02-03,2.1,2026-10-10
DK,2023-03-17,2.6,2026-10-10
DK,2023-05-08,2.85,2026-10-10
DK,2023-06-16,3.1,2026-10-10
DK,2023-07-28,3.35,2026-10-10
DK,2023-09-15,3.6,2026-10-10
DK,2024-06-07,3.35,2026-10-10
DK,2024-09-13,3.1,2026-10-10
DK,2024-10-18,2.85,2026-10-10
DK,2024-12-13,2.6,2026-10-10
DK,2025-01-31,2.35,2026-10-10
DK,2025-03-07,2.1,2026-10-10
DK,2025-04-22,1.85,2026-10-10
DK,2025-06-06,1.6,2026-10-10
DK,2026-06-12,1.85,2026-10-10
DK,2026-09-11,2.1,2026-10-10
IS,2010-01-04,9.125,2026-10-10
IS,2010-01-27,8.625,2026-10-10
IS,2010-03-17,8.125,2026-10-10
IS,2010-05-05,7.625,2026-10-10
IS,2010-06-23,7.125,2026-10-10
IS,2010-08-18,6.625,2026-10-10
IS,2010-08-19,6.125,2026-10-10
IS,2010-09-22,5.375,2026-10-10
IS,2010-11-03,4.625,2026-10-10
IS,2010-12-08,3.875,2026-10-10
IS,2011-02-02,3.625,2026-10-10
IS,2011-08-17,3.875,2026-10-10
IS,2011-11-02,4.125,2026-10-10
IS,2012-03-21,4.375,2026-10-10
IS,2012-05-16,4.875,2026-10-10
IS,2012-06-13,5.125,2026-10-10
IS,2012-11-14,5.375,2026-10-10
IS,2014-05-21,5.25,2026-10-10
IS,2014-11-05,5.0,2026-10-10
IS,2014-12-10,4.5,2026-10-10
IS,2015-06-10,5.0,2026-10-10
IS,2015-08-19,5.5,2026-10-10
IS,2015-11-04,5.75,2026-10-10
IS,2016-08-24,5.25,2026-10-10
IS,2016-12-14,5.0,2026-10-10
IS,2017-05-17,4.75,2026-10-10
IS,2017-06-14,4.5,2026-10-10
IS,2017-10-04,4.25,2026-10-10
IS,2018-11-07,4.5,2026-10-10
IS,2019-05-22,4.0,2026-10-10
IS,2019-06-26,3.75,2026-10-10
IS,2019-08-28,3.5,2026-10-10
IS,2019-10-02,3.25,2026-10-10
IS,2019-11-06,3.0,2026-10-10
IS,2020-02-05,2.75,2026-10-10
IS,2020-03-11,2.25,2026-10-10
IS,2020-03-18,1.75,2026-10-10
IS,2020-05-20,1.0,2026-10-10
IS,2020-11-18,0.75,2026-10-10
IS,2021-05-19,1.0,2026-10-10
IS,2021-08-25,1.25,2026-10-10
IS,2021-10-06,1.5,2026-10-10
IS,2021-11-17,2.0,2026-10-10
IS,2022-02-09,2.75,2026-10-10
IS,2022-05-04,3.75,2026-10-10
IS,2022-06-22,4.75,2026-10-10
IS,2022-08-24,5.5,2026-10-10
IS,2022-10-05,5.75,2026-10-10
IS,2022-11-23,6.0,2026-10-10
IS,2023-02-08,6.5,2026-10-10
IS,2023-03-22,7.5,2026-10-10
IS,2023-05-24,8.75,2026-10-10
IS,2023-08-23,9.25,2026-10-10
IS,2024-10-02,9.0,2026-10-10
IS,2024-11-20,8.5,2026-10-10
IS,2025-02-05,8.0,2026-10-10
IS,2025-03-19,7.75,2026-10-10
IS,2025-05-21,7.5,2026-10-10
IS,2025-11-19,7.25,2026-10-10
IS,2026-03-18,7.5,2026-10-10
IS,2026-05-20,7.75,2026-10-10
IS,2026-08-19,8.0,2026-10-10
PL,2010-01-04,3.5,2026-10-10
PL,2011-01-20,3.75,2026-10-10
PL,2011-04-06,4.0,2026-10-10
PL,2011-05-12,4.25,2026-10-10
PL,2011-06-09,4.5,2026-10-10
PL,2012-05-10,4.75,2026-10-10
PL,2012-11-08,4.5,2026-10-10
PL,2012-12-06,4.25,2026-10-10
PL,2013-01-10,4.0,2026-10-10
PL,2013-02-07,3.75,2026-10-10
PL,2013-03-07,3.25,2026-10-10
PL,2013-05-09,3.0,2026-10-10
PL,2013-06-06,2.75,2026-10-10
PL,2013-07-04,2.5,2026-10-10
PL,2014-10-09,2.0,2026-10-10
PL,2015-03-05,1.5,2026-10-10
PL,2020-03-18,1.0,2026-10-10
PL,2020-04-09,0.5,2026-10-10
PL,2020-05-29,0.1,2026-10-10
PL,2021-10-07,0.5,2026-10-10
PL,2021-11-04,1.25,2026-10-10
PL,2021-12-09,1.75,2026-10-10
PL,2022-01-05,2.25,2026-10-10
PL,2022-02-09,2.75,2026-10-10
PL,2022-03-09,3.5,2026-10-10
PL,2022-04-07,4.5,2026-10-10
PL,2022-05-06,5.25,2026-10-10
PL,2022-06-09,6.0,2026-10-10
PL,2022-07-08,6.5,2026-10-10
PL,2022-09-08,6.75,2026-10-10
PL,2023-09-07,6.0,2026-10-10
PL,2023-10-05,5.75,2026-10-10
PL,2025-05-08,5.25,2026-10-10
PL,2025-07-03,5.0,2026-10-10
PL,2025-09-04,4.75,2026-10-10
PL,2025-10-09,4.5,2026-10-10
PL,2025-11-06,4.25,2026-10-10
PL,2025-12-04,4.0,2026-10-10
PL,2026-03-05,3.75,2026-10-10
CZ,2010-01-01,1.0,2026-10-10
CZ,2010-05-07,0.75,2026-10-10
CZ,2012-06-29,0.5,2026-10-10
CZ,2012-10-01,0.25,2026-10-10
CZ,2012-11-02,0.05,2026-10-10
CZ,2017-08-04,0.25,2026-10-10
CZ,2017-11-03,0.5,2026-10-10
CZ,2018-02-02,0.75,2026-10-10
CZ,2018-06-28,1.0,2026-10-10
CZ,2018-08-03,1.25,2026-10-10
CZ,2018-09-27,1.5,2026-10-10
CZ,2018-11-02,1.75,2026-10-10
CZ,2019-05-03,2.0,2026-10-10
CZ,2020-02-07,2.25,2026-10-10
CZ,2020-03-17,1.75,2026-10-10
CZ,2020-03-27,1.0,2026-10-10
CZ,2020-05-11,0.25,2026-10-10
CZ,2021-06-24,0.5,2026-10-10
CZ,2021-08-06,0.75,2026-10-10
CZ,2021-10-01,1.5,2026-10-10
CZ,2021-11-05,2.75,2026-10-10
CZ,2021-12-23,3.75,2026-10-10
CZ,2022-02-04,4.5,2026-10-10
CZ,2022-04-01,5.0,2026-10-10
CZ,2022-05-06,5.75,2026-10-10
CZ,2022-06-23,7.0,2026-10-10
CZ,2023-12-22,6.75,2026-10-10
CZ,2024-02-09,6.25,2026-10-10
CZ,2024-03-21,5.75,2026-10-10
CZ,2024-05-03,5.25,2026-10-10
CZ,2024-06-28,4.75,2026-10-10
CZ,2024-08-02,4.5,2026-10-10
CZ,2024-09-26,4.25,2026-10-10
CZ,2024-11-08,4.0,2026-10-10
CZ,2025-02-07,3.75,2026-10-10
CZ,2025-05-09,3.5,2026-10-10
CZ,2026-06-19,3.75,2026-10-10
HU,2010-01-04,6.25,2026-10-10
HU,2010-01-26,6.0,2026-10-10
HU,2010-02-23,5.75,2026-10-10
HU,2010-03-30,5.5,2026-10-10
HU,2010-04-27,5.25,2026-10-10
HU,2010-11-30,5.5,2026-10-10
HU,2010-12-21,5.75,2026-10-10
HU,2011-01-25,6.0,2026-10-10
HU,2011-11-30,6.5,2026-10-10
HU,2011-12-21,7.0,2026-10-10
HU,2012-08-29,6.75,2026-10-10
HU,2012-09-26,6.5,2026-10-10
HU,2012-10-31,6.25,2026-10-10
HU,2012-11-28,6.0,2026-10-10
HU,2012-12-19,5.75,2026-10-10
HU,2013-01-30,5.5,2026-10-10
HU,2013-02-27,5.25,2026-10-10
HU,2013-03-27,5.0,2026-10-10
HU,2013-04-24,4.75,2026-10-10
HU,2013-05-29,4.5,2026-10-10
HU,2013-06-26,4.25,2026-10-10
HU,2013-07-24,4.0,2026-10-10
HU,2013-08-28,3.8,2026-10-10
HU,2013-09-25,3.6,2026-10-10
HU,2013-10-30,3.4,2026-10-10
HU,2013-11-27,3.2,2026-10-10
HU,2013-12-18,3.0,2026-10-10
HU,2014-01-22,2.85,2026-10-10
HU,2014-02-19,2.7,2026-10-10
HU,2014-03-26,2.6,2026-10-10
HU,2014-04-30,2.5,2026-10-10
HU,2014-05-28,2.4,2026-10-10
HU,2014-06-25,2.3,2026-10-10
HU,2014-07-23,2.1,2026-10-10
HU,2015-03-25,1.95,2026-10-10
HU,2015-04-22,1.8,2026-10-10
HU,2015-05-27,1.65,2026-10-10
HU,2015-06-24,1.5,2026-10-10
HU,2015-07-22,1.35,2026-10-10
HU,2016-03-23,1.2,2026-10-10
HU,2016-04-27,1.05,2026-10-10
HU,2016-05-25,0.9,2026-10-10
HU,2020-06-24,0.75,2026-10-10
HU,2020-07-22,0.6,2026-10-10
HU,2021-06-23,0.9,2026-10-10
HU,2021-07-28,1.2,2026-10-10
HU,2021-08-25,1.5,2026-10-10
HU,2021-09-22,1.65,2026-10-10
HU,2021-10-20,1.8,2026-10-10
HU,2021-11-17,2.1,2026-10-10
HU,2021-12-15,2.4,2026-10-10
HU,2022-01-26,2.9,2026-10-10
HU,2022-02-23,3.4,2026-10-10
HU,2022-03-23,4.4,2026-10-10
HU,2022-04-27,5.4,2026-10-10
HU,2022-06-01,5.9,2026-10-10
HU,2022-06-29,7.75,2026-10-10
HU,2022-07-13,9.75,2026-10-10
HU,2022-07-27,10.75,2026-10-10
HU,2022-08-31,11.75,2026-10-10
HU,2022-09-28,13.0,2026-10-10
HU,2023-10-25,12.25,2026-10-10
HU,2023-11-22,11.5,2026-10-10
HU,2023-12-20,10.75,2026-10-10
HU,2024-01-31,10.0,2026-10-10
HU,2024-02-28,9.0,2026-10-10
HU,2024-03-27,8.25,2026-10-10
HU,2024-04-24,7.75,2026-10-10
HU,2024-05-22,7.25,2026-10-10
HU,2024-06-19,7.0,2026-10-10
HU,2024-07-24,6.75,2026-10-10
HU,2024-09-25,6.5,2026-10-10
HU,2026-02-25,6.25,2026-10-10
HU,2026-06-24,6.0,2026-10-10
HU,2026-06-25,6.25,2026-10-10
HU,2026-07-01,6.0,2026-10-10
HU,2026-07-22,5.75,2026-10-10
HU,2026-08-26,5.5,2026-10-10
RO,2010-01-04,8.0,2026-10-10
RO,2010-01-06,7.5,2026-10-10
RO,2010-02-04,7.0,2026-10-10
RO,2010-03-30,6.5,2026-10-10
RO,2010-05-05,6.25,2026-10-10
RO,2011-11-03,6.0,2026-10-10
RO,2012-01-06,5.75,2026-10-10
RO,2012-02-03,5.5,2026-10-10
RO,2012-03-30,5.25,2026-10-10
RO,2013-07-02,5.0,2026-10-10
RO,2013-08-06,4.5,2026-10-10
RO,2013-10-01,4.25,2026-10-10
RO,2013-11-06,4.0,2026-10-10
RO,2014-01-09,3.75,2026-10-10
RO,2014-02-05,3.5,2026-10-10
RO,2014-08-05,3.25,2026-10-10
RO,2014-10-01,3.0,2026-10-10
RO,2014-11-05,2.75,2026-10-10
RO,2015-01-08,2.5,2026-10-10
RO,2015-02-05,2.25,2026-10-10
RO,2015-04-01,2.0,2026-10-10
RO,2015-05-07,1.75,2026-10-10
RO,2018-01-09,2.0,2026-10-10
RO,2018-02-08,2.25,2026-10-10
RO,2018-05-08,2.5,2026-10-10
RO,2020-03-23,2.0,2026-10-10
RO,2020-06-02,1.75,2026-10-10
RO,2020-08-06,1.5,2026-10-10
RO,2021-01-18,1.25,2026-10-10
RO,2021-10-06,1.5,2026-10-10
RO,2021-11-10,1.75,2026-10-10
RO,2022-01-11,2.0,2026-10-10
RO,2022-02-10,2.5,2026-10-10
RO,2022-04-06,3.0,2026-10-10
RO,2022-05-11,3.75,2026-10-10
RO,2022-07-07,4.75,2026-10-10
RO,2022-08-08,5.5,2026-10-10
RO,2022-10-06,6.25,2026-10-10
RO,2022-11-09,6.75,2026-10-10
RO,2023-01-11,7.0,2026-10-10
RO,2024-07-08,6.75,2026-10-10
RO,2024-08-08,6.5,2026-10-10
RS,2010-01-01,9.5,2026-10-10
RS,2010-03-23,9.0,2026-10-10
RS,2010-04-08,8.5,2026-10-10
RS,2010-05-11,8.0,2026-10-10
RS,2010-08-05,8.5,2026-10-10
RS,2010-09-07,9.0,2026-10-10
RS,2010-10-14,9.5,2026-10-10
RS,2010-11-11,10.5,2026-10-10
RS,2010-12-09,11.5,2026-10-10
RS,2011-01-17,12.0,2026-10-10
RS,2011-03-10,12.25,2026-10-10
RS,2011-04-07,12.5,2026-10-10
RS,2011-06-09,12.0,2026-10-10
RS,2011-07-07,11.75,2026-10-10
RS,2011-09-08,11.25,2026-10-10
RS,2011-10-06,10.75,2026-10-10
RS,2011-11-10,10.0,2026-10-10
RS,2011-12-08,9.75,2026-10-10
RS,2012-01-19,9.5,2026-10-10
RS,2012-06-07,10.0,2026-10-10
RS,2012-07-12,10.25,2026-10-10
RS,2012-08-09,10.5,2026-10-10
RS,2012-10-09,10.75,2026-10-10
RS,2012-11-08,10.95,2026-10-10
RS,2012-12-14,11.25,2026-10-10
RS,2013-01-17,11.5,2026-10-10
RS,2013-02-05,11.75,2026-10-10
RS,2013-05-14,11.25,2026-10-10
RS,2013-06-06,11.0,2026-10-10
RS,2013-10-18,10.5,2026-10-10
RS,2013-11-07,10.0,2026-10-10
RS,2013-12-17,9.5,2026-10-10
RS,2014-05-08,9.0,2026-10-10
RS,2014-06-12,8.5,2026-10-10
RS,2014-11-13,8.0,2026-10-10
RS,2015-03-12,7.5,2026-10-10
RS,2015-04-09,7.0,2026-10-10
RS,2015-05-11,6.5,2026-10-10
RS,2015-06-11,6.0,2026-10-10
RS,2015-08-13,5.5,2026-10-10
RS,2015-09-10,5.0,2026-10-10
RS,2015-10-14,4.5,2026-10-10
RS,2016-02-11,4.25,2026-10-10
RS,2016-07-07,4.0,2026-10-10
RS,2017-09-07,3.75,2026-10-10
RS,2017-10-09,3.5,2026-10-10
RS,2018-03-14,3.25,2026-10-10
RS,2018-04-12,3.0,2026-10-10
RS,2019-07-11,2.75,2026-10-10
RS,2019-08-08,2.5,2026-10-10
RS,2019-11-07,2.25,2026-10-10
RS,2020-03-12,1.75,2026-10-10
RS,2020-04-09,1.5,2026-10-10
RS,2020-06-11,1.25,2026-10-10
RS,2020-12-10,1.0,2026-10-10
RS,2022-04-07,1.5,2026-10-10
RS,2022-05-12,2.0,2026-10-10
RS,2022-06-09,2.5,2026-10-10
RS,2022-07-07,2.75,2026-10-10
RS,2022-08-11,3.0,2026-10-10
RS,2022-09-08,3.5,2026-10-10
RS,2022-10-06,4.0,2026-10-10
RS,2022-11-10,4.5,2026-10-10
RS,2022-12-08,5.0,2026-10-10
RS,2023-01-12,5.25,2026-10-10
RS,2023-02-09,5.5,2026-10-10
RS,2023-03-09,5.75,2026-10-10
RS,2023-04-06,6.0,2026-10-10
RS,2023-06-08,6.25,2026-10-10
RS,2023-07-13,6.5,2026-10-10
RS,2024-06-13,6.25,2026-10-10
RS,2024-07-11,6.0,2026-10-10
RS,2024-09-12,5.75,2026-10-10
MK,2010-01-04,8.5,2026-10-10
MK,2010-01-05,8.0,2026-10-10
MK,2010-02-10,7.5,2026-10-10
MK,2010-03-31,6.5,2026-10-10
MK,2010-05-26,6.0,2026-10-10
MK,2010-06-16,5.0,2026-10-10
MK,2010-08-18,4.5,2026-10-10
MK,2010-12-09,4.0,2026-10-10
MK,2010-12-10,4.5,2026-10-10
MK,2010-12-15,4.0,2026-10-10
MK,2012-04-11,3.94,2026-10-10
MK,2012-04-18,3.97,2026-10-10
MK,2012-04-25,3.94,2026-10-10
MK,2012-05-02,3.93,2026-10-10
MK,2012-05-09,3.71,2026-10-10
MK,2012-06-13,3.73,2026-10-10
MK,2013-01-09,3.49,2026-10-10
MK,2013-02-13,3.48,2026-10-10
MK,2013-03-13,3.42,2026-10-10
MK,2013-04-10,3.38,2026-10-10
MK,2013-05-15,3.37,2026-10-10
MK,2013-06-12,3.21,2026-10-10
MK,2013-07-10,3.25,2026-10-10
MK,2016-05-11,4.0,2026-10-10
MK,2016-12-14,3.75,2026-10-10
MK,2017-01-11,3.5,2026-10-10
MK,2017-02-15,3.25,2026-10-10
MK,2018-03-15,3.0,2026-10-10
MK,2018-08-15,2.75,2026-10-10
MK,2018-12-12,2.5,2026-10-10
MK,2019-03-13,2.25,2026-10-10
MK,2020-01-15,2.0,2026-10-10
MK,2020-03-16,1.75,2026-10-10
MK,2020-05-13,1.5,2026-10-10
MK,2021-03-10,1.25,2026-10-10
MK,2022-04-13,1.5,2026-10-10
MK,2022-05-11,1.75,2026-10-10
MK,2022-06-15,2.0,2026-10-10
MK,2022-07-13,2.5,2026-10-10
MK,2022-09-14,3.0,2026-10-10
MK,2022-10-12,3.5,2026-10-10
MK,2022-11-16,4.25,2026-10-10
MK,2022-12-14,4.75,2026-10-10
MK,2023-02-15,5.25,2026-10-10
MK,2023-03-22,5.5,2026-10-10
MK,2023-05-10,5.75,2026-10-10
MK,2023-06-21,6.0,2026-10-10
MK,2023-08-03,6.15,2026-10-10
MK,2023-09-20,6.3,2026-10-10
MK,2024-09-18,6.05,2026-10-10
MK,2024-10-24,5.8,2026-10-10
MK,2024-12-18,5.55,2026-10-10
MK,2025-02-05,5.35,2026-10-10
MK,2025-12-24,4.0,2026-10-10
MK,2026-06-17,4.25,2026-10-10
TR,2010-01-04,6.5,2026-10-10
TR,2010-05-20,7.0,2026-10-10
TR,2010-12-17,6.5,2026-10-10
TR,2011-01-21,6.25,2026-10-10
TR,2011-08-05,5.75,2026-10-10
TR,2012-12-19,5.5,2026-10-10
TR,2013-04-17,5.0,2026-10-10
TR,2013-05-17,4.5,2026-10-10
TR,2014-01-29,10.0,2026-10-10
TR,2014-05-23,9.5,2026-10-10
TR,2014-06-25,8.75,2026-10-10
TR,2014-07-18,8.25,2026-10-10
TR,2015-01-21,7.75,2026-10-10
TR,2015-02-25,7.5,2026-10-10
TR,2016-11-25,8.0,2026-10-10
TR,2018-06-01,16.5,2026-10-10
TR,2018-06-08,17.75,2026-10-10
TR,2018-09-14,24.0,2026-10-10
TR,2019-07-26,19.75,2026-10-10
TR,2019-09-13,16.5,2026-10-10
TR,2019-10-25,14.0,2026-10-10
TR,2019-12-13,12.0,2026-10-10
TR,2020-01-17,11.25,2026-10-10
TR,2020-02-20,10.75,2026-10-10
TR,2020-03-18,9.75,2026-10-10
TR,2020-04-23,8.75,2026-10-10
TR,2020-05-22,8.25,2026-10-10
TR,2020-09-25,10.25,2026-10-10
TR,2020-11-20,15.0,2026-10-10
TR,2020-12-25,17.0,2026-10-10
TR,2021-03-19,19.0,2026-10-10
TR,2021-09-24,18.0,2026-10-10
TR,2021-10-22,16.0,2026-10-10
TR,2021-11-19,15.0,2026-10-10
TR,2021-12-17,14.0,2026-10-10
TR,2022-08-19,13.0,2026-10-10
TR,2022-09-23,12.0,2026-10-10
TR,2022-10-21,10.5,2026-10-10
TR,2022-11-25,9.0,2026-10-10
TR,2023-02-24,8.5,2026-10-10
TR,2023-06-23,15.0,2026-10-10
TR,2023-07-21,17.5,2026-10-10
TR,2023-08-25,25.0,2026-10-10
TR,2023-09-22,30.0,2026-10-10
TR,2023-10-27,35.0,2026-10-10
TR,2023-11-24,40.0,2026-10-10
TR,2023-12-22,42.5,2026-10-10
TR,2024-01-26,45.0,2026-10-10
TR,2024-03-22,50.0,2026-10-10
TR,2024-12-27,47.5,2026-10-10
TR,2025-01-24,45.0,2026-10-10
TR,2025-03-07,42.5,2026-10-10
TR,2025-04-18,46.0,2026-10-10
TR,2025-07-25,43.0,2026-10-10
TR,2025-09-12,40.5,2026-10-10
TR,2025-10-24,39.5,2026-10-10
TR,2025-12-12,38.0,2026-10-10
TR,2026-01-23,37.0,2026-10-10
RU,2010-01-11,8.75,2026-10-10
RU,2010-02-24,8.5,2026-10-10
RU,2010-03-29,8.25,2026-10-10
RU,2010-04-30,8.0,2026-10-10
RU,2010-05-31,7.75,2026-10-10
RU,2011-02-28,8.0,2026-10-10
RU,2011-05-03,8.25,2026-10-10
RU,2011-12-26,8.0,2026-10-10
RU,2012-06-20,8.25,2026-10-10
RU,2012-07-03,8.0,2026-10-10
RU,2012-09-14,8.25,2026-10-10
RU,2013-09-13,5.5,2026-10-10
RU,2014-03-03,7.0,2026-10-10
RU,2014-04-28,7.5,2026-10-10
RU,2014-07-28,8.0,2026-10-10
RU,2014-11-05,9.5,2026-10-10
RU,2014-12-12,10.5,2026-10-10
RU,2014-12-16,17.0,2026-10-10
RU,2015-02-02,15.0,2026-10-10
RU,2015-03-16,14.0,2026-10-10
RU,2015-05-05,12.5,2026-10-10
RU,2015-06-16,11.5,2026-10-10
RU,2015-08-03,11.0,2026-10-10
RU,2016-06-14,10.5,2026-10-10
RU,2016-09-19,10.0,2026-10-10
RU,2017-03-27,9.75,2026-10-10
RU,2017-05-03,9.25,2026-10-10
RU,2017-06-19,9.0,2026-10-10
RU,2017-09-20,8.5,2026-10-10
RU,2017-10-27,8.25,2026-10-10
RU,2017-12-18,7.75,2026-10-10
RU,2018-02-12,7.5,2026-10-10
RU,2018-03-27,7.25,2026-10-10
RU,2018-09-17,7.5,2026-10-10
RU,2018-12-17,7.75,2026-10-10
RU,2019-06-17,7.5,2026-10-10
RU,2019-07-29,7.25,2026-10-10
RU,2019-09-09,7.0,2026-10-10
RU,2019-10-28,6.5,2026-10-10
RU,2019-12-16,6.25,2026-10-10
RU,2020-02-10,6.0,2026-10-10
RU,2020-04-27,5.5,2026-10-10
RU,2020-06-24,4.5,2026-10-10
RU,2020-07-27,4.25,2026-10-10
RU,2021-03-22,4.5,2026-10-10
RU,2021-04-26,5.0,2026-10-10
RU,2021-06-15,5.5,2026-10-10
RU,2021-07-26,6.5,2026-10-10
RU,2021-09-13,6.75,2026-10-10
RU,2021-10-25,7.5,2026-10-10
RU,2021-12-20,8.5,2026-10-10
RU,2022-02-14,9.5,2026-10-10
RU,2022-02-28,20.0,2026-10-10
RU,2022-04-11,17.0,2026-10-10
RU,2022-05-04,14.0,2026-10-10
RU,2022-05-27,11.0,2026-10-10
RU,2022-06-14,9.5,2026-10-10
RU,2022-07-25,8.0,2026-10-10
RU,2022-09-19,7.5,2026-10-10
RU,2023-07-25,8.5,2026-10-10
RU,2023-08-15,12.0,2026-10-10
RU,2023-09-18,13.0,2026-10-10
RU,2023-10-30,15.0,2026-10-10
RU,2023-12-18,16.0,2026-10-10
RU,2024-07-29,18.0,2026-10-10
RU,2024-09-16,19.0,2026-10-10
RU,2024-10-28,21.0,2026-10-10
RU,2025-06-09,20.0,2026-10-10
RU,2025-07-28,18.0,2026-10-10
RU,2025-09-15,17.0,2026-10-10
RU,2025-10-27,16.5,2026-10-10
RU,2025-12-22,16.0,2026-10-10
RU,2026-02-16,15.5,2026-10-10
RU,2026-03-23,15.0,2026-10-10
RU,2026-04-27,14.5,2026-10-10
RU,2026-06-22,14.25,2026-10-10
RU,2026-07-27,14.0,2026-10-10
IL,2010-01-01,1.25,2026-10-10
IL,2010-04-01,1.5,2026-10-10
IL,2010-07-29,1.75,2026-10-10
IL,2010-09-30,2.0,2026-10-10
IL,2011-01-27,2.25,2026-10-10
IL,2011-02-24,2.5,2026-10-10
IL,2011-03-31,3.0,2026-10-10
IL,2011-05-26,3.25,2026-10-10
IL,2011-10-02,3.0,2026-10-10
IL,2011-12-01,2.75,2026-10-10
IL,2012-01-26,2.5,2026-10-10
IL,2012-06-28,2.25,2026-10-10
IL,2012-11-01,2.0,2026-10-10
IL,2012-12-27,1.75,2026-10-10
IL,2013-05-17,1.5,2026-10-10
IL,2013-05-30,1.25,2026-10-10
IL,2013-09-27,1.0,2026-10-10
IL,2014-02-27,0.75,2026-10-10
IL,2014-07-31,0.5,2026-10-10
IL,2014-08-28,0.25,2026-10-10
IL,2015-02-26,0.1,2026-10-10
IL,2018-11-29,0.25,2026-10-10
IL,2020-04-10,0.1,2026-10-10
IL,2022-04-14,0.35,2026-10-10
IL,2022-05-26,0.75,2026-10-10
IL,2022-07-07,1.25,2026-10-10
IL,2022-08-25,2.0,2026-10-10
IL,2022-10-09,2.75,2026-10-10
IL,2022-11-24,3.25,2026-10-10
IL,2023-01-05,3.75,2026-10-10
IL,2023-02-23,4.25,2026-10-10
IL,2023-04-07,4.5,2026-10-10
IL,2023-05-25,4.75,2026-10-10
IL,2024-01-04,4.5,2026-10-10
IL,2025-11-27,4.25,2026-10-10
IL,2026-01-08,4.0,2026-10-10
IL,2026-05-28,3.75,2026-10-10
IL,2026-07-09,3.5,2026-10-10
IL,2026-09-03,3.25,2026-10-10
SA,2010-01-02,2.0,2026-10-10
SA,2018-03-15,2.25,2026-10-10
SA,2018-06-13,2.5,2026-10-10
SA,2018-09-26,2.75,2026-10-10
SA,2018-12-19,3.0,2026-10-10
SA,2019-07-31,2.75,2026-10-10
SA,2019-09-18,2.5,2026-10-10
SA,2019-10-30,2.25,2026-10-10
SA,2020-03-03,1.75,2026-10-10
SA,2020-03-16,1.0,2026-10-10
SA,2022-03-17,1.25,2026-10-10
SA,2022-05-05,1.75,2026-10-10
SA,2022-06-15,2.25,2026-10-10
SA,2022-07-27,3.0,2026-10-10
SA,2022-09-21,3.75,2026-10-10
SA,2022-11-02,4.5,2026-10-10
SA,2022-12-14,5.0,2026-10-10
SA,2023-02-01,5.25,2026-10-10
SA,2023-03-23,5.5,2026-10-10
SA,2023-05-03,5.75,2026-10-10
SA,2023-07-26,6.0,2026-10-10
SA,2024-09-18,5.5,2026-10-10
SA,2024-11-07,5.25,2026-10-10
SA,2024-12-18,5.0,2026-10-10
SA,2025-09-17,4.75,2026-10-10
SA,2025-10-29,4.5,2026-10-10
SA,2025-12-10,4.25,2026-10-10
SA,2026-09-16,4.5,2026-10-10
KW,2010-01-01,3.0,2026-10-10
KW,2010-02-08,2.5,2026-10-10
KW,2012-10-04,2.0,2026-10-10
KW,2015-12-17,2.25,2026-10-10
KW,2016-12-15,2.5,2026-10-10
KW,2017-03-16,2.75,2026-10-10
KW,2018-03-22,3.0,2026-10-10
KW,2019-10-30,2.75,2026-10-10
KW,2020-03-04,2.5,2026-10-10
KW,2020-03-17,1.5,2026-10-10
KW,2022-03-17,1.75,2026-10-10
KW,2022-05-05,2.0,2026-10-10
KW,2022-06-16,2.25,2026-10-10
KW,2022-07-28,2.5,2026-10-10
KW,2022-08-11,2.75,2026-10-10
KW,2022-09-22,3.0,2026-10-10
KW,2022-12-07,3.5,2026-10-10
KW,2023-01-25,4.0,2026-10-10
KW,2023-07-26,4.25,2026-10-10
KW,2024-09-19,4.0,2026-10-10
KW,2025-09-18,3.75,2026-10-10
KW,2025-12-11,3.5,2026-10-10
ZA,2010-01-02,7.0,2026-10-10
ZA,2010-03-26,6.5,2026-10-10
ZA,2010-09-10,6.0,2026-10-10
ZA,2010-11-19,5.5,2026-10-10
ZA,2012-07-20,5.0,2026-10-10
ZA,2014-01-30,5.5,2026-10-10
ZA,2014-07-18,5.75,2026-10-10
ZA,2015-07-24,6.0,2026-10-10
ZA,2015-11-20,6.25,2026-10-10
ZA,2016-01-29,6.75,2026-10-10
ZA,2016-03-18,7.0,2026-10-10
ZA,2017-07-21,6.75,2026-10-10
ZA,2018-03-29,6.5,2026-10-10
ZA,2018-11-23,6.75,2026-10-10
ZA,2019-07-19,6.5,2026-10-10
ZA,2020-01-17,6.25,2026-10-10
ZA,2020-03-20,5.25,2026-10-10
ZA,2020-04-15,4.25,2026-10-10
ZA,2020-05-22,3.75,2026-10-10
ZA,2020-07-24,3.5,2026-10-10
ZA,2021-11-19,3.75,2026-10-10
ZA,2022-01-28,4.0,2026-10-10
ZA,2022-03-25,4.25,2026-10-10
ZA,2022-05-20,4.75,2026-10-10
ZA,2022-07-22,5.5,2026-10-10
ZA,2022-09-23,6.25,2026-10-10
ZA,2022-11-25,7.0,2026-10-10
ZA,2023-01-27,7.25,2026-10-10
ZA,2023-03-31,7.75,2026-10-10
ZA,2023-05-26,8.25,2026-10-10
ZA,2024-09-20,8.0,2026-10-10
ZA,2024-11-22,7.75,2026-10-10
ZA,2025-01-31,7.5,2026-10-10
ZA,2025-05-30,7.25,2026-10-10
ZA,2025-08-01,7.0,2026-10-10
ZA,2025-11-21,6.75,2026-10-10
ZA,2026-05-29,7.0,2026-10-10
ZA,2026-09-25,7.25,2026-10-10
MA,2010-01-01,3.25,2026-10-10
MA,2012-03-27,3.0,2026-10-10
MA,2014-09-23,2.75,2026-10-10
MA,2014-12-16,2.5,2026-10-10
MA,2016-03-22,2.25,2026-10-10
MA,2020-03-17,2.0,2026-10-10
MA,2020-06-18,1.5,2026-10-10
MA,2022-09-29,2.0,2026-10-10
MA,2022-12-22,2.5,2026-10-10
MA,2023-03-23,3.0,2026-10-10
MA,2024-06-27,2.75,2026-10-10
MA,2024-12-19,2.5,2026-10-10
MA,2025-03-20,2.25,2026-10-10
CN,2010-01-01,5.31,2026-10-10
CN,2010-10-20,5.56,2026-10-10
CN,2010-12-26,5.81,2026-10-10
CN,2011-02-09,6.06,2026-10-10
CN,2011-04-06,6.31,2026-10-10
CN,2011-07-07,6.56,2026-10-10
CN,2012-06-08,6.31,2026-10-10
CN,2012-07-06,6.0,2026-10-10
CN,2014-11-22,5.6,2026-10-10
CN,2015-03-01,5.35,2026-10-10
CN,2015-05-11,5.1,2026-10-10
CN,2015-06-28,4.85,2026-10-10
CN,2015-08-26,4.6,2026-10-10
CN,2015-10-24,4.35,2026-10-10
CN,2019-08-20,4.25,2026-10-10
CN,2019-09-20,4.2,2026-10-10
CN,2019-11-20,4.15,2026-10-10
CN,2020-02-20,4.05,2026-10-10
CN,2020-04-20,3.85,2026-10-10
CN,2021-12-20,3.8,2026-10-10
CN,2022-01-20,3.7,2026-10-10
CN,2022-08-20,3.65,2026-10-10
CN,2023-06-20,3.55,2026-10-10
CN,2023-08-20,3.45,2026-10-10
CN,2024-07-22,3.35,2026-10-10
CN,2024-10-21,3.1,2026-10-10
CN,2025-05-20,3.0,2026-10-10
HK,2010-01-04,0.5,2026-10-10
HK,2015-12-18,0.75,2026-10-10
HK,2016-12-15,1.0,2026-10-10
HK,2017-03-16,1.25,2026-10-10
HK,2017-06-15,1.5,2026-10-10
HK,2017-12-14,1.75,2026-10-10
HK,2018-03-22,2.0,2026-10-10
HK,2018-06-14,2.25,2026-10-10
HK,2018-09-27,2.5,2026-10-10
HK,2018-12-20,2.75,2026-10-10
HK,2019-08-01,2.5,2026-10-10
HK,2019-09-19,2.25,2026-10-10
HK,2019-10-31,2.0,2026-10-10
HK,2019-11-18,2.13,2026-10-10
HK,2019-11-19,2.23,2026-10-10
HK,2019-11-20,2.24,2026-10-10
HK,2019-11-21,2.26,2026-10-10
HK,2019-11-22,2.21,2026-10-10
HK,2019-11-25,2.12,2026-10-10
HK,2019-11-26,2.03,2026-10-10
HK,2019-11-27,2.0,2026-10-10
HK,2019-12-19,2.07,2026-10-10
HK,2019-12-20,2.14,2026-10-10
HK,2019-12-23,2.21,2026-10-10
HK,2019-12-24,2.24,2026-10-10
HK,2019-12-27,2.35,2026-10-10
HK,2019-12-30,2.43,2026-10-10
HK,2019-12-31,2.49,2026-10-10
HK,2020-01-02,2.73,2026-10-10
HK,2020-01-03,2.68,2026-10-10
HK,2020-01-06,2.55,2026-10-10
HK,2020-01-07,2.41,2026-10-10
HK,2020-01-08,2.28,2026-10-10
HK,2020-01-09,2.0,2026-10-10
HK,2020-03-04,1.5,2026-10-10
HK,2020-03-16,0.86,2026-10-10
HK,2020-03-17,0.91,2026-10-10
HK,2020-03-18,0.98,2026-10-10
HK,2020-03-19,1.08,2026-10-10
HK,2020-03-20,1.19,2026-10-10
HK,2020-03-23,1.26,2026-10-10
HK,2020-03-24,1.29,2026-10-10
HK,2020-03-25,1.33,2026-10-10
HK,2020-03-26,1.39,2026-10-10
HK,2020-03-27,1.46,2026-10-10
HK,2020-03-30,1.57,2026-10-10
HK,2020-03-31,1.65,2026-10-10
HK,2020-04-01,1.72,2026-10-10
HK,2020-04-02,1.63,2026-10-10
HK,2020-04-03,1.56,2026-10-10
HK,2020-04-06,1.48,2026-10-10
HK,2020-04-07,1.4,2026-10-10
HK,2020-04-08,1.29,2026-10-10
HK,2020-04-14,1.26,2026-10-10
HK,2020-04-15,1.23,2026-10-10
HK,2020-04-16,1.21,2026-10-10
HK,2020-04-17,1.19,2026-10-10
HK,2020-04-20,1.18,2026-10-10
HK,2020-04-21,1.19,2026-10-10
HK,2020-04-22,1.18,2026-10-10
HK,2020-04-23,1.19,2026-10-10
HK,2020-04-24,1.2,2026-10-10
HK,2020-04-27,1.19,2026-10-10
HK,2020-04-28,1.16,2026-10-10
HK,2020-04-29,1.11,2026-10-10
HK,2020-05-04,1.03,2026-10-10
HK,2020-05-05,0.94,2026-10-10
HK,2020-05-06,0.82,2026-10-10
HK,2020-05-07,0.71,2026-10-10
HK,2020-05-08,0.62,2026-10-10
HK,2020-05-11,0.56,2026-10-10
HK,2020-05-12,0.5,2026-10-10
HK,2020-05-27,0.51,2026-10-10
HK,2020-05-28,0.56,2026-10-10
HK,2020-05-29,0.62,2026-10-10
HK,2020-06-02,0.59,2026-10-10
HK,2020-06-03,0.57,2026-10-10
HK,2020-06-04,0.55,2026-10-10
HK,2020-06-05,0.51,2026-10-10
HK,2020-06-08,0.5,2026-10-10
HK,2022-03-17,0.75,2026-10-10
HK,2022-05-05,1.25,2026-10-10
HK,2022-06-16,2.0,2026-10-10
HK,2022-07-28,2.75,2026-10-10
HK,2022-09-22,3.5,2026-10-10
HK,2022-11-03,4.25,2026-10-10
HK,2022-12-06,4.28,2026-10-10
HK,2022-12-07,4.34,2026-10-10
HK,2022-12-08,4.25,2026-10-10
HK,2022-12-15,4.75,2026-10-10
HK,2023-02-02,5.0,2026-10-10
HK,2023-03-23,5.25,2026-10-10
HK,2023-05-04,5.5,2026-10-10
HK,2023-07-27,5.75,2026-10-10
HK,2024-09-19,5.25,2026-10-10
HK,2024-11-08,5.0,2026-10-10
HK,2024-12-19,4.75,2026-10-10
HK,2025-09-18,4.5,2026-10-10
HK,2025-10-30,4.25,2026-10-10
HK,2025-12-11,4.0,2026-10-10
HK,2026-09-17,4.25,2026-10-10
IN,2010-01-01,4.75,2026-10-10
IN,2010-03-19,5.0,2026-10-10
IN,2010-04-20,5.25,2026-10-10
IN,2010-07-02,5.5,2026-10-10
IN,2010-07-27,5.75,2026-10-10
IN,2010-09-16,6.0,2026-10-10
IN,2010-11-02,6.25,2026-10-10
IN,2011-01-25,6.5,2026-10-10
IN,2011-03-17,6.75,2026-10-10
IN,2011-05-03,7.25,2026-10-10
IN,2011-06-16,7.5,2026-10-10
IN,2011-07-26,8.0,2026-10-10
IN,2011-09-16,8.25,2026-10-10
IN,2011-10-25,8.5,2026-10-10
IN,2012-04-17,8.0,2026-10-10
IN,2013-01-29,7.75,2026-10-10
IN,2013-03-19,7.5,2026-10-10
IN,2013-05-03,7.25,2026-10-10
IN,2013-09-20,7.5,2026-10-10
IN,2013-10-29,7.75,2026-10-10
IN,2014-01-28,8.0,2026-10-10
IN,2015-01-15,7.75,2026-10-10
IN,2015-03-04,7.5,2026-10-10
IN,2015-06-02,7.25,2026-10-10
IN,2015-09-29,6.75,2026-10-10
IN,2016-04-05,6.5,2026-10-10
IN,2016-10-04,6.25,2026-10-10
IN,2017-08-02,6.0,2026-10-10
IN,2018-06-06,6.25,2026-10-10
IN,2018-08-01,6.5,2026-10-10
IN,2019-02-08,6.25,2026-10-10
IN,2019-04-04,6.0,2026-10-10
IN,2019-06-07,5.75,2026-10-10
IN,2019-08-08,5.4,2026-10-10
IN,2019-10-05,5.15,2026-10-10
IN,2020-03-27,4.4,2026-10-10
IN,2020-05-22,4.0,2026-10-10
IN,2022-05-04,4.4,2026-10-10
IN,2022-06-08,4.9,2026-10-10
IN,2022-08-05,5.4,2026-10-10
IN,2022-09-30,5.9,2026-10-10
IN,2022-12-07,6.25,2026-10-10
IN,2023-02-08,6.5,2026-10-10
IN,2025-02-07,6.25,2026-10-10
IN,2025-04-09,6.0,2026-10-10
IN,2025-06-06,5.5,2026-10-10
IN,2025-12-05,5.25,2026-10-10
KR,2010-01-04,2.0,2026-10-10
KR,2010-07-09,2.25,2026-10-10
KR,2010-11-16,2.5,2026-10-10
KR,2011-01-13,2.75,2026-10-10
KR,2011-03-10,3.0,2026-10-10
KR,2011-06-10,3.25,2026-10-10
KR,2012-07-12,3.0,2026-10-10
KR,2012-10-11,2.75,2026-10-10
KR,2013-05-09,2.5,2026-10-10
KR,2014-08-14,2.25,2026-10-10
KR,2014-10-15,2.0,2026-10-10
KR,2015-03-12,1.75,2026-10-10
KR,2015-06-11,1.5,2026-10-10
KR,2016-06-09,1.25,2026-10-10
KR,2017-11-30,1.5,2026-10-10
KR,2018-11-30,1.75,2026-10-10
KR,2019-07-18,1.5,2026-10-10
KR,2019-10-16,1.25,2026-10-10
KR,2020-03-17,0.75,2026-10-10
KR,2020-05-28,0.5,2026-10-10
KR,2021-08-26,0.75,2026-10-10
KR,2021-11-25,1.0,2026-10-10
KR,2022-01-14,1.25,2026-10-10
KR,2022-04-14,1.5,2026-10-10
KR,2022-05-26,1.75,2026-10-10
KR,2022-07-13,2.25,2026-10-10
KR,2022-08-25,2.5,2026-10-10
KR,2022-10-12,3.0,2026-10-10
KR,2022-11-24,3.25,2026-10-10
KR,2023-01-13,3.5,2026-10-10
KR,2024-10-11,3.25,2026-10-10
KR,2024-11-28,3.0,2026-10-10
KR,2025-02-25,2.75,2026-10-10
KR,2025-05-29,2.5,2026-10-10
KR,2026-07-16,2.75,2026-10-10
KR,2026-08-27,3.0,2026-10-10
ID,2010-01-04,6.5,2026-10-10
ID,2011-02-04,6.75,2026-10-10
ID,2011-10-11,6.5,2026-10-10
ID,2011-11-10,6.0,2026-10-10
ID,2012-02-09,5.75,2026-10-10
ID,2013-06-13,6.0,2026-10-10
ID,2013-07-11,6.5,2026-10-10
ID,2013-08-29,7.0,2026-10-10
ID,2013-09-12,7.25,2026-10-10
ID,2013-11-12,7.5,2026-10-10
ID,2014-11-18,7.75,2026-10-10
ID,2014-11-25,7.5,2026-10-10
ID,2014-12-01,7.75,2026-10-10
ID,2015-02-17,7.5,2026-10-10
ID,2016-01-14,7.25,2026-10-10
ID,2016-02-18,7.0,2026-10-10
ID,2016-03-17,6.75,2026-10-10
ID,2016-06-16,6.5,2026-10-10
ID,2016-08-19,5.25,2026-10-10
ID,2016-09-22,5.0,2026-10-10
ID,2016-10-20,4.75,2026-10-10
ID,2017-08-22,4.5,2026-10-10
ID,2017-09-22,4.25,2026-10-10
ID,2018-05-17,4.5,2026-10-10
ID,2018-05-30,4.75,2026-10-10
ID,2018-06-29,5.25,2026-10-10
ID,2018-08-15,5.5,2026-10-10
ID,2018-09-27,5.75,2026-10-10
ID,2018-11-15,6.0,2026-10-10
ID,2019-07-18,5.75,2026-10-10
ID,2019-08-22,5.5,2026-10-10
ID,2019-09-19,5.25,2026-10-10
ID,2019-10-24,5.0,2026-10-10
ID,2020-02-20,4.75,2026-10-10
ID,2020-03-19,4.5,2026-10-10
ID,2020-06-18,4.25,2026-10-10
ID,2020-07-16,4.0,2026-10-10
ID,2020-11-19,3.75,2026-10-10
ID,2021-02-18,3.5,2026-10-10
ID,2022-08-23,3.75,2026-10-10
ID,2022-09-22,4.25,2026-10-10
ID,2022-10-20,4.75,2026-10-10
ID,2022-11-17,5.25,2026-10-10
ID,2022-12-22,5.5,2026-10-10
ID,2023-01-19,5.75,2026-10-10
ID,2023-10-19,6.0,2026-10-10
ID,2024-04-24,6.25,2026-10-10
ID,2024-09-18,6.0,2026-10-10
ID,2025-01-15,5.75,2026-10-10
ID,2025-05-21,5.5,2026-10-10
ID,2025-07-16,5.25,2026-10-10
ID,2025-08-20,5.0,2026-10-10
ID,2025-09-17,4.75,2026-10-10
ID,2026-05-20,5.25,2026-10-10
ID,2026-06-09,5.5,2026-10-10
ID,2026-06-18,5.75,2026-10-10
MY,2010-01-04,2.0,2026-10-10
MY,2010-03-04,2.25,2026-10-10
MY,2010-05-13,2.5,2026-10-10
MY,2010-07-08,2.75,2026-10-10
MY,2011-05-05,3.0,2026-10-10
MY,2014-07-10,3.25,2026-10-10
MY,2016-07-13,3.0,2026-10-10
MY,2018-01-25,3.25,2026-10-10
MY,2019-05-07,3.0,2026-10-10
MY,2020-01-22,2.75,2026-10-10
MY,2020-03-03,2.5,2026-10-10
MY,2020-05-05,2.0,2026-10-10
MY,2020-07-07,1.75,2026-10-10
MY,2022-05-11,2.0,2026-10-10
MY,2022-07-06,2.25,2026-10-10
MY,2022-09-08,2.5,2026-10-10
MY,2022-11-03,2.75,2026-10-10
MY,2023-05-03,3.0,2026-10-10
MY,2025-07-09,2.75,2026-10-10
TH,2010-01-01,1.25,2026-10-10
TH,2010-07-14,1.5,2026-10-10
TH,2010-08-25,1.75,2026-10-10
TH,2010-12-01,2.0,2026-10-10
TH,2011-01-12,2.25,2026-10-10
TH,2011-03-09,2.5,2026-10-10
TH,2011-04-20,2.75,2026-10-10
TH,2011-06-01,3.0,2026-10-10
TH,2011-07-13,3.25,2026-10-10
TH,2011-08-24,3.5,2026-10-10
TH,2011-11-30,3.25,2026-10-10
TH,2012-01-25,3.0,2026-10-10
TH,2012-10-17,2.75,2026-10-10
TH,2013-05-28,2.5,2026-10-10
TH,2013-11-27,2.25,2026-10-10
TH,2014-03-12,2.0,2026-10-10
TH,2015-03-11,1.75,2026-10-10
TH,2015-04-29,1.5,2026-10-10
TH,2018-12-19,1.75,2026-10-10
TH,2019-08-07,1.5,2026-10-10
TH,2019-11-06,1.25,2026-10-10
TH,2020-02-05,1.0,2026-10-10
TH,2020-03-23,0.75,2026-10-10
TH,2020-05-06,0.5,2026-10-10
TH,2020-05-07,0.75,2026-10-10
TH,2020-05-20,0.5,2026-10-10
TH,2022-08-10,0.75,2026-10-10
TH,2022-09-28,1.0,2026-10-10
TH,2022-11-30,1.25,2026-10-10
TH,2023-01-25,1.5,2026-10-10
TH,2023-03-29,1.75,2026-10-10
TH,2023-05-31,2.0,2026-10-10
TH,2023-08-02,2.25,2026-10-10
TH,2023-09-27,2.5,2026-10-10
TH,2024-10-16,2.25,2026-10-10
TH,2025-02-26,2.0,2026-10-10
TH,2025-04-30,1.75,2026-10-10
TH,2025-08-13,1.5,2026-10-10
TH,2025-12-17,1.25,2026-10-10
TH,2026-02-25,1.0,2026-10-10
PH,2010-01-04,4.0,2026-10-10
PH,2011-03-24,4.25,2026-10-10
PH,2011-05-05,4.5,2026-10-10
PH,2012-01-19,4.25,2026-10-10
PH,2012-03-01,4.0,2026-10-10
PH,2012-07-26,3.75,2026-10-10
PH,2012-10-25,3.5,2026-10-10
PH,2014-07-31,3.75,2026-10-10
PH,2014-09-11,4.0,2026-10-10
PH,2016-06-03,3.0,2026-10-10
PH,2018-05-10,3.25,2026-10-10
PH,2018-06-21,3.5,2026-10-10
PH,2018-08-10,4.0,2026-10-10
PH,2018-09-28,4.5,2026-10-10
PH,2018-11-16,4.75,2026-10-10
PH,2019-05-10,4.5,2026-10-10
PH,2019-08-09,4.25,2026-10-10
PH,2019-09-27,4.0,2026-10-10
PH,2020-02-07,3.75,2026-10-10
PH,2020-03-20,3.25,2026-10-10
PH,2020-04-17,2.75,2026-10-10
PH,2020-06-26,2.25,2026-10-10
PH,2020-11-20,2.0,2026-10-10
PH,2022-05-20,2.25,2026-10-10
PH,2022-06-24,2.5,2026-10-10
PH,2022-07-14,3.25,2026-10-10
PH,2022-08-19,3.75,2026-10-10
PH,2022-09-23,4.25,2026-10-10
PH,2022-11-18,5.0,2026-10-10
PH,2022-12-16,5.5,2026-10-10
PH,2023-02-17,6.0,2026-10-10
PH,2023-03-24,6.25,2026-10-10
PH,2023-10-27,6.5,2026-10-10
PH,2024-08-16,6.25,2026-10-10
PH,2024-10-17,6.0,2026-10-10
PH,2024-12-20,5.75,2026-10-10
PH,2025-04-11,5.5,2026-10-10
PH,2025-06-20,5.25,2026-10-10
PH,2025-08-29,5.0,2026-10-10
PH,2025-10-10,4.75,2026-10-10
PH,2025-12-12,4.5,2026-10-10
PH,2026-02-20,4.25,2026-10-10
PH,2026-04-24,4.5,2026-10-10
PH,2026-06-19,4.75,2026-10-10
PH,2026-08-28,5.0,2026-10-10
BR,2010-01-01,8.75,2026-10-10
BR,2010-04-29,9.5,2026-10-10
BR,2010-06-10,10.25,2026-10-10
BR,2010-07-22,10.75,2026-10-10
BR,2011-01-20,11.25,2026-10-10
BR,2011-03-03,11.75,2026-10-10
BR,2011-04-25,12.0,2026-10-10
BR,2011-06-09,12.25,2026-10-10
BR,2011-07-21,12.5,2026-10-10
BR,2011-09-01,12.0,2026-10-10
BR,2011-10-20,11.5,2026-10-10
BR,2011-12-01,11.0,2026-10-10
BR,2012-01-19,10.5,2026-10-10
BR,2012-03-08,9.75,2026-10-10
BR,2012-04-19,9.0,2026-10-10
BR,2012-05-31,8.5,2026-10-10
BR,2012-07-12,8.0,2026-10-10
BR,2012-08-30,7.5,2026-10-10
BR,2012-10-11,7.25,2026-10-10
BR,2013-04-18,7.5,2026-10-10
BR,2013-05-30,8.0,2026-10-10
BR,2013-07-11,8.5,2026-10-10
BR,2013-08-29,9.0,2026-10-10
BR,2013-10-10,9.5,2026-10-10
BR,2013-11-28,10.0,2026-10-10
BR,2014-01-16,10.5,2026-10-10
BR,2014-02-27,10.75,2026-10-10
BR,2014-04-03,11.0,2026-10-10
BR,2014-10-30,11.25,2026-10-10
BR,2014-12-04,11.75,2026-10-10
BR,2015-01-22,12.25,2026-10-10
BR,2015-03-05,12.75,2026-10-10
BR,2015-04-30,13.25,2026-10-10
BR,2015-06-04,13.75,2026-10-10
BR,2015-07-30,14.25,2026-10-10
BR,2016-10-20,14.0,2026-10-10
BR,2016-12-01,13.75,2026-10-10
BR,2017-01-12,13.0,2026-10-10
BR,2017-02-23,12.25,2026-10-10
BR,2017-04-13,11.25,2026-10-10
BR,2017-06-01,10.25,2026-10-10
BR,2017-07-27,9.25,2026-10-10
BR,2017-09-08,8.25,2026-10-10
BR,2017-10-26,7.5,2026-10-10
BR,2017-12-07,7.0,2026-10-10
BR,2018-02-08,6.75,2026-10-10
BR,2018-03-22,6.5,2026-10-10
BR,2019-08-01,6.0,2026-10-10
BR,2019-09-19,5.5,2026-10-10
BR,2019-10-31,5.0,2026-10-10
BR,2019-12-12,4.5,2026-10-10
BR,2020-02-06,4.25,2026-10-10
BR,2020-03-19,3.75,2026-10-10
BR,2020-05-07,3.0,2026-10-10
BR,2020-06-18,2.25,2026-10-10
BR,2020-08-06,2.0,2026-10-10
BR,2021-03-18,2.75,2026-10-10
BR,2021-05-06,3.5,2026-10-10
BR,2021-06-17,4.25,2026-10-10
BR,2021-08-05,5.25,2026-10-10
BR,2021-09-23,6.25,2026-10-10
BR,2021-10-28,7.75,2026-10-10
BR,2021-12-09,9.25,2026-10-10
BR,2022-02-03,10.75,2026-10-10
BR,2022-03-17,11.75,2026-10-10
BR,2022-05-05,12.75,2026-10-10
BR,2022-06-16,13.25,2026-10-10
BR,2022-08-04,13.75,2026-10-10
BR,2023-08-03,13.25,2026-10-10
BR,2023-09-21,12.75,2026-10-10
BR,2023-11-02,12.25,2026-10-10
BR,2023-12-14,11.75,2026-10-10
BR,2024-02-01,11.25,2026-10-10
BR,2024-03-21,10.75,2026-10-10
BR,2024-05-09,10.5,2026-10-10
BR,2024-09-19,10.75,2026-10-10
BR,2024-11-07,11.25,2026-10-10
BR,2024-12-12,12.25,2026-10-10
BR,2025-01-30,13.25,2026-10-10
BR,2025-03-20,14.25,2026-10-10
BR,2025-05-08,14.75,2026-10-10
BR,2025-06-19,15.0,2026-10-10
BR,2026-03-19,14.75,2026-10-10
BR,2026-04-30,14.5,2026-10-10
BR,2026-06-18,14.25,2026-10-10
BR,2026-08-06,14.0,2026-10-10
BR,2026-09-17,13.75,2026-10-10
MX,2010-01-01,4.5,2026-10-10
MX,2013-03-08,4.0,2026-10-10
MX,2013-09-06,3.75,2026-10-10
MX,2013-10-25,3.5,2026-10-10
MX,2014-06-06,3.0,2026-10-10
MX,2015-12-17,3.25,2026-10-10
MX,2016-02-17,3.75,2026-10-10
MX,2016-06-30,4.25,2026-10-10
MX,2016-09-29,4.75,2026-10-10
MX,2016-11-17,5.25,2026-10-10
MX,2016-12-15,5.75,2026-10-10
MX,2017-02-09,6.25,2026-10-10
MX,2017-03-30,6.5,2026-10-10
MX,2017-05-18,6.75,2026-10-10
MX,2017-06-22,7.0,2026-10-10
MX,2017-12-14,7.25,2026-10-10
MX,2018-02-08,7.5,2026-10-10
MX,2018-06-21,7.75,2026-10-10
MX,2018-11-15,8.0,2026-10-10
MX,2018-12-20,8.25,2026-10-10
MX,2019-08-15,8.0,2026-10-10
MX,2019-09-26,7.75,2026-10-10
MX,2019-11-14,7.5,2026-10-10
MX,2019-12-19,7.25,2026-10-10
MX,2020-02-13,7.0,2026-10-10
MX,2020-03-20,6.5,2026-10-10
MX,2020-04-21,6.0,2026-10-10
MX,2020-05-14,5.5,2026-10-10
MX,2020-06-25,5.0,2026-10-10
MX,2020-08-14,4.5,2026-10-10
MX,2020-09-25,4.25,2026-10-10
MX,2021-02-12,4.0,2026-10-10
MX,2021-06-25,4.25,2026-10-10
MX,2021-08-13,4.5,2026-10-10
MX,2021-10-01,4.75,2026-10-10
MX,2021-11-12,5.0,2026-10-10
MX,2021-12-17,5.5,2026-10-10
MX,2022-02-11,6.0,2026-10-10
MX,2022-03-25,6.5,2026-10-10
MX,2022-05-13,7.0,2026-10-10
MX,2022-06-24,7.75,2026-10-10
MX,2022-08-12,8.5,2026-10-10
MX,2022-09-30,9.25,2026-10-10
MX,2022-11-11,10.0,2026-10-10
MX,2022-12-16,10.5,2026-10-10
MX,2023-02-10,11.0,2026-10-10
MX,2023-03-31,11.25,2026-10-10
MX,2024-03-22,11.0,2026-10-10
MX,2024-08-09,10.75,2026-10-10
MX,2024-09-27,10.5,2026-10-10
MX,2024-11-15,10.25,2026-10-10
MX,2024-12-20,10.0,2026-10-10
MX,2025-02-07,9.5,2026-10-10
MX,2025-03-28,9.0,2026-10-10
MX,2025-05-16,8.5,2026-10-10
MX,2025-06-27,8.0,2026-10-10
MX,2025-08-08,7.75,2026-10-10
MX,2025-09-26,7.5,2026-10-10
MX,2025-11-07,7.25,2026-10-10
MX,2025-12-19,7.0,2026-10-10
MX,2026-03-27,6.75,2026-10-10
MX,2026-05-08,6.5,2026-10-10
CL,2010-01-04,0.5,2026-10-10
CL,2010-06-16,1.0,2026-10-10
CL,2010-07-19,1.5,2026-10-10
CL,2010-08-13,2.0,2026-10-10
CL,2010-09-21,2.5,2026-10-10
CL,2010-10-15,2.75,2026-10-10
CL,2010-11-17,3.0,2026-10-10
CL,2010-12-17,3.25,2026-10-10
CL,2011-02-18,3.5,2026-10-10
CL,2011-03-18,4.0,2026-10-10
CL,2011-04-13,4.5,2026-10-10
CL,2011-05-13,5.0,2026-10-10
CL,2011-06-15,5.25,2026-10-10
CL,2012-01-13,5.0,2026-10-10
CL,2013-10-18,4.75,2026-10-10
CL,2013-11-20,4.5,2026-10-10
CL,2014-02-19,4.25,2026-10-10
CL,2014-03-14,4.0,2026-10-10
CL,2014-07-17,3.75,2026-10-10
CL,2014-08-18,3.5,2026-10-10
CL,2014-09-12,3.25,2026-10-10
CL,2014-10-17,3.0,2026-10-10
CL,2015-10-16,3.25,2026-10-10
CL,2015-12-18,3.5,2026-10-10
CL,2017-01-20,3.25,2026-10-10
CL,2017-03-17,3.0,2026-10-10
CL,2017-04-17,2.75,2026-10-10
CL,2017-05-19,2.5,2026-10-10
CL,2018-10-19,2.75,2026-10-10
CL,2019-01-31,3.0,2026-10-10
CL,2019-06-10,2.5,2026-10-10
CL,2019-09-04,2.0,2026-10-10
CL,2019-10-24,1.75,2026-10-10
CL,2020-03-17,1.0,2026-10-10
CL,2020-04-01,0.5,2026-10-10
CL,2021-07-15,0.75,2026-10-10
CL,2021-09-01,1.5,2026-10-10
CL,2021-10-14,2.75,2026-10-10
CL,2021-12-15,4.0,2026-10-10
CL,2022-01-27,5.5,2026-10-10
CL,2022-03-30,7.0,2026-10-10
CL,2022-05-06,8.25,2026-10-10
CL,2022-06-08,9.0,2026-10-10
CL,2022-07-14,9.75,2026-10-10
CL,2022-09-07,10.75,2026-10-10
CL,2022-10-13,11.25,2026-10-10
CL,2023-07-31,10.25,2026-10-10
CL,2023-09-06,9.5,2026-10-10
CL,2023-10-30,9.0,2026-10-10
CL,2023-12-20,8.25,2026-10-10
CL,2024-02-01,7.25,2026-10-10
CL,2024-04-03,6.5,2026-10-10
CL,2024-05-24,6.0,2026-10-10
CL,2024-06-19,5.75,2026-10-10
CL,2024-09-04,5.5,2026-10-10
CL,2024-10-18,5.25,2026-10-10
CL,2024-12-18,5.0,2026-10-10
CL,2025-07-30,4.75,2026-10-10
CL,2025-12-17,4.5,2026-10-10
CO,2010-01-01,3.5,2026-10-10
CO,2010-05-03,3.0,2026-10-10
CO,2011-02-28,3.25,2026-10-10
CO,2011-03-22,3.5,2026-10-10
CO,2011-05-02,3.75,2026-10-10
CO,2011-05-31,4.0,2026-10-10
CO,2011-06-20,4.25,2026-10-10
CO,2011-08-01,4.5,2026-10-10
CO,2011-11-28,4.75,2026-10-10
CO,2012-01-31,5.0,2026-10-10
CO,2012-02-27,5.25,2026-10-10
CO,2012-07-30,5.0,2026-10-10
CO,2012-08-27,4.75,2026-10-10
CO,2012-11-26,4.5,2026-10-10
CO,2012-12-24,4.25,2026-10-10
CO,2013-01-29,4.0,2026-10-10
CO,2013-02-25,3.75,2026-10-10
CO,2013-03-26,3.25,2026-10-10
CO,2014-04-28,3.5,2026-10-10
CO,2014-06-03,3.75,2026-10-10
CO,2014-06-24,4.0,2026-10-10
CO,2014-08-01,4.25,2026-10-10
CO,2014-09-01,4.5,2026-10-10
CO,2015-09-28,4.75,2026-10-10
CO,2015-11-03,5.25,2026-10-10
CO,2015-11-30,5.5,2026-10-10
CO,2015-12-21,5.75,2026-10-10
CO,2016-02-01,6.0,2026-10-10
CO,2016-02-22,6.25,2026-10-10
CO,2016-03-22,6.5,2026-10-10
CO,2016-05-02,7.0,2026-10-10
CO,2016-05-31,7.25,2026-10-10
CO,2016-06-23,7.5,2026-10-10
CO,2016-08-01,7.75,2026-10-10
CO,2016-12-19,7.5,2026-10-10
CO,2017-02-27,7.25,2026-10-10
CO,2017-03-27,7.0,2026-10-10
CO,2017-05-02,6.5,2026-10-10
CO,2017-05-30,6.25,2026-10-10
CO,2017-07-04,5.75,2026-10-10
CO,2017-07-28,5.5,2026-10-10
CO,2017-09-01,5.25,2026-10-10
CO,2017-10-30,5.0,2026-10-10
CO,2017-11-27,4.75,2026-10-10
CO,2018-01-30,4.5,2026-10-10
CO,2018-04-30,4.25,2026-10-10
CO,2020-03-30,3.75,2026-10-10
CO,2020-05-04,3.25,2026-10-10
CO,2020-06-01,2.75,2026-10-10
CO,2020-07-01,2.5,2026-10-10
CO,2020-08-01,2.25,2026-10-10
CO,2020-09-01,2.0,2026-10-10
CO,2020-09-28,1.75,2026-10-10
CO,2021-10-01,2.0,2026-10-10
CO,2021-11-02,2.5,2026-10-10
CO,2021-12-18,3.0,2026-10-10
CO,2022-01-31,4.0,2026-10-10
CO,2022-04-01,5.0,2026-10-10
CO,2022-05-01,6.0,2026-10-10
CO,2022-07-01,7.5,2026-10-10
CO,2022-08-01,9.0,2026-10-10
CO,2022-09-30,10.0,2026-10-10
CO,2022-10-31,11.0,2026-10-10
CO,2022-12-17,12.0,2026-10-10
CO,2023-01-30,12.75,2026-10-10
CO,2023-03-31,13.0,2026-10-10
CO,2023-05-02,13.25,2026-10-10
CO,2023-12-20,13.0,2026-10-10
CO,2024-02-01,12.75,2026-10-10
CO,2024-03-26,12.25,2026-10-10
CO,2024-05-02,11.75,2026-10-10
CO,2024-07-02,11.25,2026-10-10
CO,2024-08-01,10.75,2026-10-10
CO,2024-10-01,10.25,2026-10-10
CO,2024-11-01,9.75,2026-10-10
CO,2024-12-23,9.5,2026-10-10
CO,2025-05-02,9.25,2026-10-10
CO,2026-02-02,10.25,2026-10-10
CO,2026-04-01,11.25,2026-10-10
CO,2026-07-01,12.0,2026-10-10
CO,2026-10-01,12.25,2026-10-10
PE,2010-01-01,1.25,2026-10-10
PE,2010-05-07,1.5,2026-10-10
PE,2010-06-11,1.75,2026-10-10
PE,2010-07-09,2.0,2026-10-10
PE,2010-08-06,2.5,2026-10-10
PE,2010-09-10,3.0,2026-10-10
PE,2011-01-07,3.25,2026-10-10
PE,2011-02-11,3.5,2026-10-10
PE,2011-03-11,3.75,2026-10-10
PE,2011-04-07,4.0,2026-10-10
PE,2011-05-12,4.25,2026-10-10
PE,2013-11-08,4.0,2026-10-10
PE,2014-07-11,3.75,2026-10-10
PE,2014-09-11,3.5,2026-10-10
PE,2015-01-16,3.25,2026-10-10
PE,2015-09-11,3.5,2026-10-10
PE,2015-12-11,3.75,2026-10-10
PE,2016-01-15,4.0,2026-10-10
PE,2016-02-12,4.25,2026-10-10
PE,2017-05-12,4.0,2026-10-10
PE,2017-07-14,3.75,2026-10-10
PE,2017-09-14,3.5,2026-10-10
PE,2017-11-10,3.25,2026-10-10
PE,2018-01-12,3.0,2026-10-10
PE,2018-03-09,2.75,2026-10-10
PE,2019-08-09,2.5,2026-10-10
PE,2019-11-08,2.25,2026-10-10
PE,2020-03-20,1.25,2026-10-10
PE,2020-04-13,0.25,2026-10-10
PE,2021-08-13,0.5,2026-10-10
PE,2021-09-10,1.0,2026-10-10
PE,2021-10-11,1.5,2026-10-10
PE,2021-11-12,2.0,2026-10-10
PE,2021-12-10,2.5,2026-10-10
PE,2022-01-07,3.0,2026-10-10
PE,2022-02-11,3.5,2026-10-10
PE,2022-03-11,4.0,2026-10-10
PE,2022-04-08,4.5,2026-10-10
PE,2022-05-13,5.0,2026-10-10
PE,2022-06-10,5.5,2026-10-10
PE,2022-07-08,6.0,2026-10-10
PE,2022-08-12,6.5,2026-10-10
PE,2022-09-09,6.75,2026-10-10
PE,2022-10-07,7.0,2026-10-10
PE,2022-11-11,7.25,2026-10-10
PE,2022-12-12,7.5,2026-10-10
PE,2023-01-13,7.75,2026-10-10
PE,2023-09-15,7.5,2026-10-10
PE,2023-10-06,7.25,2026-10-10
PE,2023-11-10,7.0,2026-10-10
PE,2023-12-15,6.75,2026-10-10
PE,2024-01-12,6.5,2026-10-10
PE,2024-02-13,6.25,2026-10-10
PE,2024-04-12,6.0,2026-10-10
PE,2024-05-10,5.75,2026-10-10
PE,2024-08-09,5.5,2026-10-10
PE,2024-09-13,5.25,2026-10-10
PE,2024-11-08,5.0,2026-10-10
PE,2025-01-10,4.75,2026-10-10
PE,2025-05-09,4.5,2026-10-10
PE,2025-09-12,4.25,2026-10-10
