capturado_utc,serie,valor,fecha_dato,d1_pb,fuente
2026-10-08 15:34 UTC,t2y,4.77,2026-10-07,-2.0,Tesoro de EE. UU. (curva par diaria)
2026-10-08 15:34 UTC,n10,5.28,2026-10-07,1.0,Tesoro de EE. UU. (curva par diaria)
2026-10-08 15:34 UTC,real10,2.92,2026-10-07,1.0,Tesoro de EE. UU. (curva par diaria)
2026-10-08 15:54 UTC,t2y,4.77,2026-10-07,-2.0,Tesoro de EE. UU. (curva par diaria)
2026-10-08 15:54 UTC,n10,5.28,2026-10-07,1.0,Tesoro de EE. UU. (curva par diaria)
2026-10-08 15:54 UTC,real10,2.92,2026-10-07,1.0,Tesoro de EE. UU. (curva par diaria)
2026-10-08 18:06 UTC,t2y,4.77,2026-10-07,-2.0,Tesoro de EE. UU. (curva par diaria)
2026-10-08 18:06 UTC,n10,5.28,2026-10-07,1.0,Tesoro de EE. UU. (curva par diaria)
2026-10-08 18:06 UTC,real10,2.92,2026-10-07,1.0,Tesoro de EE. UU. (curva par diaria)
2026-10-08 20:40 UTC,t2y,4.75,2026-10-08,-2.0,Tesoro de EE. UU. (curva par diaria)
2026-10-08 20:40 UTC,n10,5.22,2026-10-08,-6.0,Tesoro de EE. UU. (curva par diaria)
2026-10-08 20:40 UTC,real10,2.87,2026-10-08,-5.0,Tesoro de EE. UU. (curva par diaria)
2026-10-09 01:10 UTC,t2y,4.75,2026-10-08,-2.0,Tesoro de EE. UU. (curva par diaria)
2026-10-09 01:10 UTC,n10,5.22,2026-10-08,-6.0,Tesoro de EE. UU. (curva par diaria)
2026-10-09 01:10 UTC,real10,2.87,2026-10-08,-5.0,Tesoro de EE. UU. (curva par diaria)
2026-10-09 11:59 UTC,t2y,4.75,2026-10-08,-2.0,Tesoro de EE. UU. (curva par diaria)
2026-10-09 11:59 UTC,n10,5.22,2026-10-08,-6.0,Tesoro de EE. UU. (curva par diaria)
2026-10-09 11:59 UTC,real10,2.87,2026-10-08,-5.0,Tesoro de EE. UU. (curva par diaria)
2026-10-09 13:07 UTC,t2y,4.75,2026-10-08,-2.0,Tesoro de EE. UU. (curva par diaria)
2026-10-09 13:07 UTC,n10,5.22,2026-10-08,-6.0,Tesoro de EE. UU. (curva par diaria)
2026-10-09 13:07 UTC,real10,2.87,2026-10-08,-5.0,Tesoro de EE. UU. (curva par diaria)
2026-10-09 17:52 UTC,t2y,4.75,2026-10-08,-2.0,Tesoro de EE. UU. (curva par diaria)
2026-10-09 17:52 UTC,n10,5.22,2026-10-08,-6.0,Tesoro de EE. UU. (curva par diaria)
2026-10-09 17:52 UTC,real10,2.87,2026-10-08,-5.0,Tesoro de EE. UU. (curva par diaria)
2026-10-09 18:02 UTC,t2y,4.75,2026-10-08,-2.0,Tesoro de EE. UU. (curva par diaria)
2026-10-09 18:02 UTC,n10,5.22,2026-10-08,-6.0,Tesoro de EE. UU. (curva par diaria)
2026-10-09 18:02 UTC,real10,2.87,2026-10-08,-5.0,Tesoro de EE. UU. (curva par diaria)
2026-10-09 18:45 UTC,t2y,4.75,2026-10-08,-2.0,Tesoro de EE. UU. (curva par diaria)
2026-10-09 18:45 UTC,n10,5.22,2026-10-08,-6.0,Tesoro de EE. UU. (curva par diaria)
2026-10-09 18:45 UTC,real10,2.87,2026-10-08,-5.0,Tesoro de EE. UU. (curva par diaria)
2026-10-09 22:30 UTC,t2y,4.8,2026-10-09,5.0,Tesoro de EE. UU. (curva par diaria)
2026-10-09 22:30 UTC,n10,5.24,2026-10-09,2.0,Tesoro de EE. UU. (curva par diaria)
2026-10-09 22:30 UTC,real10,2.91,2026-10-09,4.0,Tesoro de EE. UU. (curva par diaria)
2026-10-10 11:15 UTC,t2y,4.8,2026-10-09,5.0,Tesoro de EE. UU. (curva par diaria)
2026-10-10 11:15 UTC,n10,5.24,2026-10-09,2.0,Tesoro de EE. UU. (curva par diaria)
2026-10-10 11:15 UTC,real10,2.91,2026-10-09,4.0,Tesoro de EE. UU. (curva par diaria)
2026-10-10 14:06 UTC,t2y,4.8,2026-10-09,5.0,Tesoro de EE. UU. (curva par diaria)
2026-10-10 14:06 UTC,n10,5.24,2026-10-09,2.0,Tesoro de EE. UU. (curva par diaria)
2026-10-10 14:06 UTC,real10,2.91,2026-10-09,4.0,Tesoro de EE. UU. (curva par diaria)
2026-10-10 16:57 UTC,t2y,4.8,2026-10-09,5.0,Tesoro de EE. UU. (curva par diaria)
2026-10-10 16:57 UTC,n10,5.24,2026-10-09,2.0,Tesoro de EE. UU. (curva par diaria)
2026-10-10 16:57 UTC,real10,2.91,2026-10-09,4.0,Tesoro de EE. UU. (curva par diaria)
