fecha_informe,contrato,clave,tipo,neto,largos,cortos,percentil_3a
2026-09-29,098662,usd,no_comerciales,11881,29742,17861,71
2026-09-29,098662,usd,gestores,18007,20549,2542,89
2026-09-29,099741,eur,no_comerciales,-63256,238183,301439,6
2026-09-29,099741,eur,gestores,220603,500353,279750,15
2026-09-29,097741,jpy,no_comerciales,55440,176266,120826,74
2026-09-29,097741,jpy,gestores,51634,117526,65892,71
2026-09-29,096742,gbp,no_comerciales,-91075,41396,132471,3
2026-09-29,096742,gbp,gestores,-128544,19403,147947,4
2026-09-29,092741,chf,no_comerciales,-24617,24828,49445,68
2026-09-29,092741,chf,gestores,-36411,18374,54785,41
2026-09-29,090741,cad,no_comerciales,-78671,85047,163718,54
2026-09-29,090741,cad,gestores,-27581,95566,123147,76
2026-09-29,232741,aud,no_comerciales,-63239,109690,172929,38
2026-09-29,232741,aud,gestores,-73199,90988,164187,17
2026-09-29,112741,nzd,no_comerciales,-17315,23338,40653,52
2026-09-29,112741,nzd,gestores,-21228,10062,31290,54
2026-09-29,088691,oro,no_comerciales,218632,249736,31104,56
2026-09-29,088691,oro,gestores,120318,131711,11393,39
2026-09-29,13874+,spx,no_comerciales,-144956,210472,355428,27
2026-09-29,13874+,spx,gestores,906259,1106843,200584,34
2026-09-29,20974+,ndx,no_comerciales,45396,78652,33256,96
2026-09-29,20974+,ndx,gestores,70801,109589,38788,39
2026-09-29,12460+,dji,no_comerciales,10026,22505,12479,69
2026-09-29,12460+,dji,gestores,14911,18842,3931,92
2026-09-29,239742,rut,no_comerciales,-77440,88901,166341,4
2026-09-29,239742,rut,gestores,39768,151227,111459,57
2026-09-29,042601,ust2,no_comerciales,-792024,778227,1570251,100
2026-09-29,042601,ust2,gestores,1638478,2358881,720403,24
2026-09-29,043602,ust10,no_comerciales,-900615,679107,1579722,17
2026-09-29,043602,ust10,gestores,2776531,3506513,729982,100
2026-09-29,020601,ust30,no_comerciales,-186875,189516,376391,6
2026-09-29,020601,ust30,gestores,436956,1111551,674595,15
2026-09-29,133741,btc,no_comerciales,2465,17188,14723,91
2026-09-29,133741,btc,gestores,3586,5069,1483,10
2026-10-06,098662,usd,no_comerciales,12011,30526,18515,71
2026-10-06,098662,usd,gestores,19096,22843,3747,94
2026-10-06,099741,eur,no_comerciales,-99332,243020,342352,1
2026-10-06,099741,eur,gestores,189881,499449,309568,9
2026-10-06,097741,jpy,no_comerciales,62325,190368,128043,78
2026-10-06,097741,jpy,gestores,67795,143300,75505,75
2026-10-06,096742,gbp,no_comerciales,-97611,45259,142870,2
2026-10-06,096742,gbp,gestores,-145442,17746,163188,2
2026-10-06,092741,chf,no_comerciales,-23740,27818,51558,71
2026-10-06,092741,chf,gestores,-37379,19529,56908,34
2026-10-06,090741,cad,no_comerciales,-90163,91109,181272,48
2026-10-06,090741,cad,gestores,-35806,97612,133418,70
2026-10-06,232741,aud,no_comerciales,-98588,100138,198726,4
2026-10-06,232741,aud,gestores,-101428,87156,188584,3
2026-10-06,112741,nzd,no_comerciales,-29346,27821,57167,38
2026-10-06,112741,nzd,gestores,-32534,11223,43757,33
2026-10-06,088691,oro,no_comerciales,210335,245403,35068,52
2026-10-06,088691,oro,gestores,110987,127101,16114,34
2026-10-06,13874+,spx,no_comerciales,-155651,213525,369176,24
2026-10-06,13874+,spx,gestores,909302,1109404,200102,36
2026-10-06,20974+,ndx,no_comerciales,54111,84033,29922,100
2026-10-06,20974+,ndx,gestores,74856,112821,37965,50
2026-10-06,12460+,dji,no_comerciales,11803,23931,12128,75
2026-10-06,12460+,dji,gestores,19595,23215,3620,98
2026-10-06,239742,rut,no_comerciales,-87845,87450,175295,2
2026-10-06,239742,rut,gestores,45495,154689,109194,62
2026-10-06,042601,ust2,no_comerciales,-852904,707098,1560002,99
2026-10-06,042601,ust2,gestores,1679087,2471312,792225,24
2026-10-06,043602,ust10,no_comerciales,-896481,686494,1582975,18
2026-10-06,043602,ust10,gestores,2828139,3602149,774010,100
2026-10-06,020601,ust30,no_comerciales,-119812,221234,341046,26
2026-10-06,020601,ust30,gestores,405628,1096523,690895,6
2026-10-06,133741,btc,no_comerciales,2540,18313,15773,92
2026-10-06,133741,btc,gestores,3532,5174,1642,10
