serie,periodo,valor,visto_utc
CPIAUCSL,2026-03-01,3.32,2026-10-08 15:37 UTC
CPIAUCSL,2026-04-01,3.95,2026-10-08 15:37 UTC
CPIAUCSL,2026-05-01,4.27,2026-10-08 15:37 UTC
CPIAUCSL,2026-06-01,3.73,2026-10-08 15:37 UTC
CPIAUCSL,2026-07-01,3.54,2026-10-08 15:37 UTC
CPIAUCSL,2026-08-01,3.71,2026-10-08 15:37 UTC
CPILFESL,2026-03-01,2.67,2026-10-08 15:37 UTC
CPILFESL,2026-04-01,2.99,2026-10-08 15:37 UTC
CPILFESL,2026-05-01,2.96,2026-10-08 15:37 UTC
CPILFESL,2026-06-01,2.81,2026-10-08 15:37 UTC
CPILFESL,2026-07-01,2.79,2026-10-08 15:37 UTC
CPILFESL,2026-08-01,2.76,2026-10-08 15:37 UTC
PAYEMS,2026-04-01,148.0,2026-10-08 15:37 UTC
PAYEMS,2026-05-01,63.0,2026-10-08 15:37 UTC
PAYEMS,2026-06-01,31.0,2026-10-08 15:37 UTC
PAYEMS,2026-07-01,-10.0,2026-10-08 15:37 UTC
PAYEMS,2026-08-01,133.0,2026-10-08 15:37 UTC
PAYEMS,2026-09-01,29.0,2026-10-08 15:37 UTC
UNRATE,2026-04-01,4.3,2026-10-08 15:37 UTC
UNRATE,2026-05-01,4.3,2026-10-08 15:37 UTC
UNRATE,2026-06-01,4.2,2026-10-08 15:37 UTC
UNRATE,2026-07-01,4.1,2026-10-08 15:37 UTC
UNRATE,2026-08-01,4.1,2026-10-08 15:37 UTC
UNRATE,2026-09-01,4.2,2026-10-08 15:37 UTC
ICSA,2026-08-15,207000.0,2026-10-08 15:37 UTC
ICSA,2026-08-22,204000.0,2026-10-08 15:37 UTC
ICSA,2026-08-29,207000.0,2026-10-08 15:37 UTC
ICSA,2026-09-05,207000.0,2026-10-08 15:37 UTC
ICSA,2026-09-12,198000.0,2026-10-08 15:37 UTC
ICSA,2026-09-19,198000.0,2026-10-08 15:37 UTC
ICSA,2026-09-26,199000.0,2026-10-08 15:37 UTC
ICSA,2026-10-03,197000.0,2026-10-08 15:37 UTC
RSAFS,2026-03-01,1.66,2026-10-08 15:37 UTC
RSAFS,2026-04-01,0.59,2026-10-08 15:37 UTC
RSAFS,2026-05-01,1.04,2026-10-08 15:37 UTC
RSAFS,2026-06-01,0.2,2026-10-08 15:37 UTC
RSAFS,2026-07-01,-0.46,2026-10-08 15:37 UTC
RSAFS,2026-08-01,1.13,2026-10-08 15:37 UTC
PPIFIS,2026-03-01,4.28,2026-10-08 15:37 UTC
PPIFIS,2026-04-01,5.69,2026-10-08 15:37 UTC
PPIFIS,2026-05-01,5.88,2026-10-08 15:37 UTC
PPIFIS,2026-06-01,5.58,2026-10-08 15:37 UTC
PPIFIS,2026-07-01,4.8,2026-10-08 15:37 UTC
PPIFIS,2026-08-01,5.41,2026-10-08 15:37 UTC
GDPC1,2025-07-01,3.88,2026-10-08 15:37 UTC
GDPC1,2025-10-01,0.21,2026-10-08 15:37 UTC
GDPC1,2026-01-01,2.49,2026-10-08 15:37 UTC
GDPC1,2026-04-01,2.22,2026-10-08 15:37 UTC
PCEPI,2026-03-01,3.37,2026-10-08 15:37 UTC
PCEPI,2026-04-01,3.57,2026-10-08 15:37 UTC
PCEPI,2026-05-01,3.82,2026-10-08 15:37 UTC
PCEPI,2026-06-01,3.45,2026-10-08 15:37 UTC
PCEPI,2026-07-01,3.36,2026-10-08 15:37 UTC
PCEPI,2026-08-01,3.42,2026-10-08 15:37 UTC
PCEPILFE,2026-03-01,3.11,2026-10-08 15:37 UTC
PCEPILFE,2026-04-01,3.08,2026-10-08 15:37 UTC
PCEPILFE,2026-05-01,3.16,2026-10-08 15:37 UTC
PCEPILFE,2026-06-01,3.04,2026-10-08 15:37 UTC
PCEPILFE,2026-07-01,2.98,2026-10-08 15:37 UTC
PCEPILFE,2026-08-01,3.01,2026-10-08 15:37 UTC
INDPRO,2026-03-01,-0.17,2026-10-08 15:37 UTC
INDPRO,2026-04-01,0.83,2026-10-08 15:37 UTC
INDPRO,2026-05-01,0.06,2026-10-08 15:37 UTC
INDPRO,2026-06-01,0.2,2026-10-08 15:37 UTC
INDPRO,2026-07-01,0.2,2026-10-08 15:37 UTC
INDPRO,2026-08-01,0.02,2026-10-08 15:37 UTC
JTSJOL,2026-03-01,6887.0,2026-10-08 15:37 UTC
JTSJOL,2026-04-01,7585.0,2026-10-08 15:37 UTC
JTSJOL,2026-05-01,7537.0,2026-10-08 15:37 UTC
JTSJOL,2026-06-01,7182.0,2026-10-08 15:37 UTC
JTSJOL,2026-07-01,7335.0,2026-10-08 15:37 UTC
JTSJOL,2026-08-01,7079.0,2026-10-08 15:37 UTC
