fecha,activo,tesis,puntuacion,motores,precio_referencia,capturado_utc
2026-10-08,Nasdaq 100,SIN TESIS,0,,30974.65,2026-10-08 15:42 UTC
2026-10-08,S&P 500,SIN TESIS,0,,7770.31,2026-10-08 15:42 UTC
2026-10-08,Oro,SIN TESIS,0,,4139.8,2026-10-08 15:42 UTC
2026-10-08,Bitcoin,SIN TESIS,0,,81188.54,2026-10-08 15:42 UTC
2026-10-08,US30 · Dow Jones,SIN TESIS,0,,50954.03,2026-10-08 15:42 UTC
2026-10-08,Russell 2000,SIN TESIS,0,,2765.61,2026-10-08 15:42 UTC
2026-10-09,Nasdaq 100,ALCISTA,2.5,real↓,30725.81,2026-10-09 11:59 UTC
2026-10-09,S&P 500,ALCISTA,1.25,real↓,7765.36,2026-10-09 11:59 UTC
2026-10-09,Oro,ALCISTA,2.5,real↓,4207.9,2026-10-09 11:59 UTC
2026-10-09,Bitcoin,ALCISTA,1.25,real↓,83139.02,2026-10-09 11:59 UTC
2026-10-09,US30 · Dow Jones,ALCISTA,1.25,real↓,51231.64,2026-10-09 11:59 UTC
2026-10-09,Russell 2000,ALCISTA,1.87,real↓,2794.13,2026-10-09 11:59 UTC
2026-10-10,Oro,SIN TESIS,0,viento semana: SIN VIENTO CLARO; motor propio: MIXTO,4216.3,2026-10-10 11:15 UTC
2026-10-10,Nasdaq 100,SIN TESIS,0,viento semana: SIN VIENTO CLARO; motor propio: MIXTO,30883.15,2026-10-10 11:15 UTC
2026-10-10,S&P 500,SIN TESIS,0,viento semana: SIN VIENTO CLARO; motor propio: MIXTO,7811.54,2026-10-10 11:15 UTC
2026-10-10,Bitcoin,BAJISTA DÉBIL,-1,viento semana: SIN VIENTO CLARO; motor propio: SIN GIRO DE LIQUIDEZ,82727.09,2026-10-10 11:15 UTC
2026-10-10,US30 · Dow Jones,BAJISTA DÉBIL,-1,viento semana: SIN VIENTO CLARO; motor propio: DESFAVORABLE,51654.95,2026-10-10 11:15 UTC
2026-10-10,Russell 2000,BAJISTA DÉBIL,-1,viento semana: SIN VIENTO CLARO; motor propio: DESFAVORABLE,2806.98,2026-10-10 11:15 UTC
